id,domain,status,purchase_price,renewal_price,attractiveness,demand,length,registrar,created_at,expires_at,status_verified_at
0628f39f-0d17-4c3d-8eee-850fc1cdf50d,partido.art,premium,102.7,,medium,low,7,unstoppable,,,29/09/2026 08:45
5b88cf1a-3d50-4bb1-8d43-3c64ea49b8d0,hooper.art,premium,227.7,,medium,low,6,unstoppable,,,29/09/2026 02:55
61e40ec5-0553-48ba-8798-1cab198bd34f,laurie.art,premium,354.9,91,high,low,6,namecheap,,,25/09/2026 17:15
93fbc152-5585-4901-9c40-7c181b365884,orchis.art,premium,131.2,83.3,medium,low,6,namesilo,,,21/09/2026 23:07
8cee58a8-9fe0-4492-ae76-be624293f466,nickname.art,premium,354.9,91,high,low,8,namecheap,,,24/09/2026 11:25
4d6171d5-d0dd-47d4-b8c8-a2466d37aa3c,specular.art,premium,131.2,83.3,medium,low,8,namesilo,,,25/08/2026 01:15
88a0e5d5-31e6-4c63-875a-4c7ad189a0aa,severus.art,premium,102.7,,high,low,7,unstoppable,,,30/09/2026 05:41
1ab3c2b9-dff0-4ee1-9a10-c19dceea0e3d,deerfield.art,premium,127.51,72.65,high,low,9,spaceship,,,29/09/2026 10:06
c82d7e0a-00c5-4901-bd3d-38daa592e2da,invasive.art,premium,131.2,83.3,medium,low,8,namesilo,,,16/08/2026 23:54
3de0e76b-6193-42f6-a58c-691bfaa8d941,andrade.art,premium,282.76,72.65,medium,low,7,spaceship,,,29/09/2026 10:57
ec4fc624-8ed1-4710-8e2e-cd39744b5265,livery.art,premium,291.2,83.3,high,low,6,namesilo,,,24/08/2026 08:06
f1d19e48-16bc-48e6-b23a-fec76334a687,archosaur.art,available,3.19,23.99,medium,low,9,namesilo,,,06/08/2026 15:57
c4c79af9-a422-4558-b9c9-96cdcab0822e,furnace.art,premium,348.17,76.94,high,low,7,porkbun,,,28/09/2026 19:17
18790a28-e0c8-413a-b30c-fe68f7b2439b,overwhelmed.art,available,3.19,23.99,medium,low,11,namesilo,,,
42005a03-64b5-497f-abd3-9765a6f7985c,suppliers.art,premium,65.41,72.65,medium,low,9,spaceship,,,01/10/2026 00:17
71d4489b-0b0d-4a7b-9905-e9017a6d08a1,hearn.art,premium,135.3,77,high,low,5,dynadot,,,29/09/2026 15:40
94d979d2-cd49-4c68-ab65-af1b8aed43fb,abroach.art,available,3.19,23.99,medium,low,7,namesilo,,,
6841f1bd-ed8b-4e0e-a1bd-7e2e799ae0d3,childly.art,available,3.19,23.99,medium,low,7,namesilo,,,12/08/2026 05:14
66a701a2-b321-426a-94d0-4fef9f3d47c0,backyard.art,premium,341.25,87.5,high,low,9,name.com,,,21/09/2026 16:22
730061e5-c0e4-4ef4-afc0-dce908be3453,billionaire.art,premium,1912.2,76.94,high,low,11,porkbun,,,30/09/2026 03:33
275a4ff6-7b9d-4669-85db-a8fd9b4425d1,beriberi.art,premium,62.48,83.3,medium,low,8,namesilo,,,23/09/2026 09:23
73f9e90a-dd59-4b6e-9b0f-91c08d056b7d,celebrated.art,premium,291.2,83.3,high,low,10,namesilo,,,11/08/2026 23:10
6a2cb5eb-a6b2-4cfd-9db5-eefb1dd8fdd2,pinch.art,premium,282.76,72.65,high,low,5,spaceship,,,28/09/2026 22:16
81c9c85a-9c3c-4464-be65-ed75fac931f4,afford.art,premium,291.2,83.3,high,low,6,namesilo,,,25/09/2026 11:07
f0f1e3b8-474d-437e-94d2-4af78b2f9e20,uveal.art,available,3.19,23.99,medium,low,5,namesilo,,,13/09/2026 00:22
ad16cf50-3b90-4987-ae42-cd09ce320d1d,xanax.art,premium,354.9,91,medium,low,5,namecheap,,,18/09/2026 14:09
44e6bdbc-541d-42ec-a552-3cd713948892,airstrip.art,premium,131.2,83.3,high,low,8,namesilo,,,17/09/2026 23:24
92176939-87bc-45d9-a0bf-153859d7b70e,malvern.art,premium,127.51,72.65,medium,low,7,spaceship,,,28/09/2026 16:50
6129b9c6-5bb7-4cc3-beb8-452f5bb2bdfa,mechanisms.art,premium,354.9,91,medium,low,10,namecheap,,,01/10/2026 16:08
437b66ae-5c34-48b2-9d35-170d8e9efc02,rutland.art,premium,159.9,91,medium,low,7,namecheap,,,27/09/2026 05:16
a0db057d-a50f-44e7-8a4e-c8c44e1f00be,vaughn.art,premium,291.2,83.3,high,low,6,namesilo,,,27/09/2026 11:16
768ce2c2-88ff-400a-8dab-ce06d16c97e6,miz.art,premium,227.7,,high,low,3,unstoppable,,,01/10/2026 23:06
4925742c-bf6a-47b6-973e-eb9f7cd24120,damian.art,premium,282.76,72.65,medium,low,6,spaceship,,,28/09/2026 21:56
e05869b7-1c2e-4b0a-b45e-1f14467eb3db,hugging.art,premium,62.48,83.3,high,low,7,namesilo,,,24/09/2026 12:55
523450f7-3121-49a0-9b25-e4d3e28c3e32,squeamish.art,available,3.98,32.98,medium,low,9,namecheap,,,04/09/2026 21:24
88e7383e-319d-41a5-bc61-e487b600edb2,distinction.art,premium,21.94,72.65,high,low,11,spaceship,,,02/10/2026 21:05
43b269d8-1ca2-4a4c-af80-25a1d65fa604,bna.art,premium,300.3,77,medium,low,3,dynadot,,,01/10/2026 07:03
fa872cda-ba49-4ba8-b2b5-28e1eb237cd8,dumbbell.art,premium,354.9,91,high,low,8,namecheap,,,24/09/2026 06:44
28972c21-15a9-469b-b37a-9ebc3ba7681f,hydrostatic.art,premium,20.65,83.3,medium,low,11,namesilo,,,02/10/2026 01:37
d764b2b1-fc30-4741-93ee-7cd0ddfdcdaa,keane.art,premium,348.17,76.94,medium,low,5,porkbun,,,28/09/2026 18:07
4a7e3e4c-cac9-4867-920d-c1ac4482904a,macfarlane.art,premium,127.51,72.65,medium,low,10,spaceship,,,01/10/2026 07:10
319e4d4a-2308-4a2a-9ec6-327525cd9a31,anlage.art,premium,131.2,83.3,medium,low,6,namesilo,,,19/09/2026 09:53
7092080a-7bb9-48ae-90a0-408851bfeb09,exams.art,premium,227.7,,medium,low,5,unstoppable,,,28/09/2026 23:32
57511752-8857-4b99-8b04-2cc46b1355c6,pigeons.art,premium,131.2,83.3,medium,low,7,namesilo,,,20/09/2026 07:08
be58f885-be07-4958-98cf-41e9db75084b,beatrix.art,premium,227.7,,medium,low,7,unstoppable,,,30/09/2026 21:15
356cc0bb-d760-4b33-bd5b-6d320a65f115,chew.art,premium,227.7,83.3,high,low,4,unstoppable,,,29/09/2026 08:20
b3fedc63-eea1-4f54-a866-bc0df2a2d2a7,marred.art,available,3.19,23.99,medium,low,6,namesilo,,,24/08/2026 16:28
08134204-a349-4dc9-8770-5e7c533fd53e,siris.art,premium,159.9,91,high,low,5,namecheap,,,18/09/2026 03:05
4d6136e2-e4d3-4e69-b708-b00bc25928c6,mandal.art,premium,102.7,,medium,low,6,unstoppable,,,30/09/2026 20:27
4ea5902b-0887-49e1-b526-d756b9a524db,gallstone.art,premium,62.48,83.3,medium,low,9,namesilo,,,23/09/2026 15:46
e6651e5d-e5cc-41ab-af18-37d842f84578,prosper.art,premium,354.9,91,high,low,7,namecheap,,,29/09/2026 20:45
99bceb31-1017-4d49-8544-f7c2eb07285c,drafts.art,premium,227.7,,medium,low,6,unstoppable,,,01/10/2026 18:07
a7ed5c62-2f5b-45ea-b385-faa337efa88e,enjoys.art,premium,41.3,83.3,medium,low,6,namesilo,,,28/09/2026 23:12
bbb11512-b9c8-4eb2-b1d9-4dc97bcfaf0f,encyclical.art,premium,41.3,83.3,medium,low,10,namesilo,,,17/08/2026 00:42
2a039f3a-83d0-47de-83c6-9130efbc4aff,innocuous.art,available,3.19,23.99,high,low,9,namesilo,,,22/08/2026 05:56
d74ea116-4424-4516-a2c8-a85d674a861c,eradicate.art,premium,62.48,83.3,high,low,9,namesilo,,,02/10/2026 06:42
efa37621-6194-477a-aafa-451f4e5c0f0d,lugo.art,premium,131.2,83.3,medium,low,4,namesilo,,,30/09/2026 13:46
37889335-2707-4ccd-9537-7d5c2063a07e,racehorse.art,premium,62.48,83.3,high,low,9,namesilo,,,22/09/2026 01:58
44ce13d6-be8b-4dc4-972b-c31383114214,lowell.art,premium,291.2,83.3,high,low,6,namesilo,,,16/09/2026 14:32
75c7b05e-03c8-420c-a989-c9fcd9ce71b4,urban.art,resell,,,high,low,5,Porkbun LLC,28/04/2021 19:03,28/04/2027 23:59,28/09/2026 10:00
954be973-eb1f-44c3-a1a0-b0343b7bcb75,baneberry.art,available,3.98,32.98,medium,low,9,namecheap,,,22/09/2026 01:43
e95c4c31-9b60-4ae9-bed6-0ebbc67f412b,equestrian.art,premium,291.2,83.3,high,low,10,namesilo,,,17/08/2026 11:42
f98af2d9-8f68-44ec-8ee3-228c849c621f,henan.art,premium,227.7,,medium,low,5,unstoppable,,,29/09/2026 15:30
0ef7dd94-205d-4786-b6cf-673ab3f6f3cc,keenness.art,available,3.19,23.99,high,low,8,namesilo,,,21/09/2026 09:30
4ceb4431-e222-4ba5-83da-b507e632e333,hardback.art,premium,41.3,83.3,medium,low,8,namesilo,,,21/08/2026 00:40
cae43bba-d43a-4ddb-ac99-5e9df1ce03a8,austen.art,premium,291.2,83.3,high,low,6,namesilo,,,21/09/2026 04:37
9f5a553e-7b53-4cc3-a65c-d3beba7591fb,peeled.art,premium,41.3,83.3,medium,low,6,namesilo,,,08/08/2026 18:24
6846135c-747f-493a-aeb6-eae35c4c9f62,autotype.art,premium,78.75,87.5,high,low,8,name.com,,,21/09/2026 08:17
e82dcfb8-e65f-47c0-8373-9810dd6ad682,cleverness.art,premium,62.48,83.3,high,low,10,namesilo,,,24/09/2026 15:36
334e0619-2977-4614-8aac-fe8ab5d3c2ba,chubby.art,premium,291.2,83.3,high,low,6,namesilo,,,12/08/2026 07:31
0f54312d-6e9e-4752-911e-904ba953af43,tackle.art,premium,282.76,72.65,high,low,6,spaceship,,,28/09/2026 05:46
93c3a1ed-b9a7-4a93-b6d4-cbad9c7816ba,antiquary.art,premium,78.75,87.5,high,low,9,name.com,,,
27c4282c-f19d-4be9-ab72-0a730da718a9,probes.art,premium,35.2,,low,low,6,unstoppable,,,02/10/2026 13:56
009d6eee-1718-48ae-b828-8cf8d115930e,commentate.art,available,4.5,23.99,high,low,10,unstoppable,,,30/09/2026 17:26
59f5efc8-901f-4a94-ba22-ab8942823717,jaguars.art,premium,291.2,83.3,medium,low,7,namesilo,,,20/09/2026 09:28
323c6e80-8f8a-4048-bfe8-c1dfa441e98d,anticipant.art,available,3.19,23.99,medium,low,10,namesilo,,,
e2fce47e-38d1-46e9-ba07-491e19399811,alkene.art,available,3.19,23.99,medium,low,6,namesilo,,,18/09/2026 08:28
dc6f0039-f6f4-4a16-97e8-486a414fb541,recruits.art,premium,52.7,,medium,low,8,unstoppable,,,29/09/2026 17:46
61ab0072-3050-4be6-b6e5-4bd869121fdf,diode.art,premium,354.9,91,high,low,5,namecheap,,,24/09/2026 20:00
f35df7b9-3042-44ef-974d-211957e54384,provisions.art,premium,41.3,83.3,high,low,10,namesilo,,,08/09/2026 08:15
4f487b55-22d0-441a-b7b9-b5d87e2dd123,bohme.art,premium,62.48,83.3,high,low,5,namesilo,,,23/09/2026 03:34
128f26fa-9da2-423f-80c4-9e397abdaab0,corral.art,premium,291.2,83.3,medium,low,6,namesilo,,,02/10/2026 14:36
31d11389-7247-443a-9b3c-88bb5204960c,population.art,premium,291.2,83.3,high,low,10,namesilo,,,27/09/2026 05:04
67242aa0-d2e3-4a0e-b689-79ab2dd74ed3,egmont.art,premium,291.2,83.3,medium,low,6,namesilo,,,02/10/2026 10:11
04425be4-f212-4ffd-bcd6-7f46c2f186de,bower.art,premium,291.2,83.3,medium,low,5,namesilo,,,20/09/2026 00:59
2e31ca3a-854b-43a1-a214-45561a15c86e,technol.art,premium,43.67,72.65,medium,low,7,spaceship,,,30/09/2026 06:44
9d4ea50e-a4b4-4668-829a-c8ccc22dfc47,definitely.art,premium,291.2,83.3,high,low,10,namesilo,,,28/09/2026 13:38
d3324b99-9639-4103-974c-2df5515146ea,anzio.art,premium,291.2,83.3,medium,low,5,namesilo,,,19/09/2026 16:01
fa6c915a-2968-42c7-9b9b-975337fb7939,powhatan.art,premium,65.41,72.65,high,low,8,spaceship,,,01/10/2026 03:20
885d1f56-7914-4d66-b0bd-d2b9c36a0d1f,installer.art,premium,354.9,91,high,low,9,namecheap,,,01/10/2026 06:14
2d78727a-afaf-47ea-b214-58cf2ef9d4a5,smitten.art,premium,52.5,87.5,high,low,7,name.com,,,16/08/2026 21:16
c3deffa0-fe99-4f5a-8dbd-36c9c8366a87,marginal.art,premium,291.2,83.3,high,low,8,namesilo,,,23/09/2026 00:04
f6476ab4-d463-41cb-b50a-477b31e8c52b,wrestle.art,premium,52.7,,high,low,7,unstoppable,,,29/09/2026 01:07
b0199d97-fdf7-48f6-83e9-b66f5d790c7c,tailed.art,available,3.19,23.99,medium,low,6,namesilo,,,11/09/2026 07:08
32aecc8a-1c64-4f40-8ba2-60300deb167e,components.art,premium,300.3,77,medium,low,10,dynadot,,,29/09/2026 16:20
c1c207c9-b4f6-4ea5-b518-170dacf38dc6,attilio.art,premium,131.2,83.3,medium,low,7,namesilo,,,21/09/2026 01:49
2c80ee81-9774-4f14-8311-e0be02db1fb3,aluminous.art,available,3.19,23.99,medium,low,9,namesilo,,,
374dd3fe-8a6b-4a93-8db7-3dbf60be1ef9,fading.art,premium,354.9,91,medium,low,6,namecheap,,,21/09/2026 01:33
66b09447-ab44-471a-b1f5-51cb3de0f5ec,reunion.art,premium,291.2,83.3,high,medium,7,namesilo,,,30/09/2026 10:12
6846cd72-7e73-4414-9145-8d2398d159de,vermicular.art,premium,62.48,83.3,medium,low,10,namesilo,,,13/09/2026 02:27
6c0c9457-5663-4fef-b1d3-7f5380b4c14f,winchester.art,premium,300.3,77,high,low,10,dynadot,,,28/09/2026 03:16
77d1d1e5-cd80-42f3-b4db-c7696b485e8a,normative.art,premium,153.75,87.5,medium,low,9,name.com,,,03/09/2026 21:19
e44d7036-93ee-4de7-92bb-c5f9ffaa1763,recession.art,premium,131.2,83.3,high,low,9,namesilo,,,27/09/2026 10:55
2a3813d5-09ba-4dde-af35-1e8f416c82f0,xci.art,premium,78.75,87.5,medium,low,3,name.com,,,
7ee6be2c-7bdc-4d1c-8d86-72d6e2f8b1c6,bassinet.art,available,3.19,23.99,medium,low,8,namesilo,,,22/09/2026 12:23
d729929f-b7b1-447c-a764-01db01f5ebf4,framingham.art,premium,131.2,83.3,medium,low,10,namesilo,,,30/09/2026 05:41
e424725a-41ce-424b-82e9-5726dc65e8fe,aire.art,premium,291.2,83.3,high,low,4,namesilo,,,17/09/2026 23:06
7e017f87-c4d3-426a-bcfc-89a7e9738cff,haircuts.art,premium,131.2,83.3,medium,low,8,namesilo,,,21/09/2026 07:16
564b04f6-16f5-4d23-a36f-88952e95c21a,orchid.art,premium,1912.2,76.94,high,low,6,porkbun,,,28/09/2026 20:03
7348b4e2-827a-44ed-985b-58462c99e84f,montmorency.art,premium,21.94,72.65,medium,low,11,spaceship,,,02/10/2026 01:08
1d28838a-5fc3-4429-8418-730e81ae56d8,hijacking.art,premium,65.41,72.65,medium,low,9,spaceship,,,01/10/2026 19:58
1a6caa87-d7de-46b6-b3d8-57d2d7a5a1b9,buddhist.art,premium,3450,83.3,high,low,8,namesilo,,,11/08/2026 07:39
3079f50f-c395-48a0-8c47-f9c034bebcb1,unnerving.art,available,3.19,23.99,high,medium,9,namesilo,,,09/09/2026 12:23
e22f2179-8a5f-4e18-a179-69137bdd1db6,sterne.art,premium,291.2,83.3,medium,low,6,namesilo,,,02/10/2026 05:35
85eda4b3-7db3-485e-af93-7483d24ac287,barrister.art,premium,291.2,83.3,high,low,9,namesilo,,,22/09/2026 08:39
dcc96272-7419-4c24-9205-8136b12aa826,embryos.art,available,3.19,23.99,medium,low,7,namesilo,,,02/10/2026 22:30
30f4be98-0d6e-490e-b16d-b11505e8e809,adjust.art,premium,282.76,72.65,high,low,6,spaceship,,,28/09/2026 11:09
0654ffd3-3e5b-4ad0-815f-327958a676ac,spades.art,premium,227.7,,high,low,6,unstoppable,,,30/09/2026 14:16
444aa76f-2872-4d2e-991c-ba36e94c5b06,romano.art,premium,291.2,83.3,high,low,6,namesilo,,,29/09/2026 10:38
b6fac428-0286-493f-9c94-364dec6ac4e4,effete.art,available,3.98,32.98,low,low,6,namecheap,,,13/08/2026 20:52
1eb48106-3b5f-4e2e-9222-16ffd3334518,nettie.art,premium,131.2,83.3,medium,low,6,namesilo,,,02/10/2026 07:37
250cc7e1-af47-4291-99b8-8ba7164b207d,planless.art,available,3.19,23.99,medium,low,8,namesilo,,,
e59af31d-7921-4613-a9fd-a16098644a0b,guile.art,premium,131.2,83.3,medium,low,5,namesilo,,,13/08/2026 10:41
ed377042-c172-4753-87ef-61bfe73dd385,gobsmacked.art,available,3.19,23.99,high,low,10,namesilo,,,20/08/2026 16:00
8f7e9db8-e21d-4ae7-8ebb-5de2a37a902b,sentinel.art,premium,300.3,77,high,medium,8,dynadot,,,02/10/2026 16:01
6707d957-fe14-49b9-bf7a-e63f6400e8ad,ridiculous.art,premium,341.25,87.5,high,low,10,name.com,,,24/09/2026 06:27
fe953e09-88b1-4c20-9915-01170346c32b,fellows.art,premium,62.48,83.3,medium,low,7,namesilo,,,25/09/2026 13:03
7cbe6117-97e8-48af-8f44-e8d055b8252f,multiplication.art,premium,20.65,83.3,medium,low,14,namesilo,,,
77df503d-8756-4ee1-a48d-05052fe1c23b,beryllium.art,premium,159.9,91,medium,low,9,namecheap,,,20/09/2026 23:00
c720f0c6-09e6-4bb8-b59e-50f55975cdc4,delible.art,available,3.19,23.99,low,low,7,namesilo,,,14/08/2026 00:35
3eafdd1f-474a-475e-90be-20efe542d105,coalescent.art,premium,62.48,83.3,medium,low,10,namesilo,,,12/08/2026 13:51
cd618821-0128-45ed-8097-c0fa6abf6b62,spiteful.art,premium,131.2,83.3,medium,low,8,namesilo,,,14/08/2026 04:20
02cacf4d-dc75-4e21-9031-404e40f878be,antipope.art,premium,62.48,83.3,medium,low,8,namesilo,,,19/09/2026 15:00
68d84daf-6b28-48b6-bf05-371b51ce08c3,latitude.art,premium,227.7,83.3,high,low,8,unstoppable,,,30/09/2026 02:08
a121013c-6074-4c20-93bc-45bfc5b85989,caesar.art,premium,291.2,83.3,high,low,6,namesilo,,,27/09/2026 03:27
4ecb40d1-40f3-4291-8f6d-d6302f7889b0,alkahest.art,premium,41.3,83.3,medium,low,8,namesilo,,,18/09/2026 03:42
c8e787a3-d776-47e6-aa7b-3974eac92e23,honeyed.art,premium,41.3,83.3,medium,low,7,namesilo,,,21/08/2026 13:23
023b31b5-ea60-481a-a04a-418cdf88ac00,truk.art,premium,159.9,91,medium,low,4,namecheap,,,02/10/2026 18:58
1699601e-26d1-48e0-b8f7-9b635faccb15,palpatory.art,available,3.19,23.99,medium,low,9,namesilo,,,05/09/2026 00:12
31817461-73c7-47ed-a326-ee0aaad0a380,dinar.art,premium,291.2,83.3,high,low,5,namesilo,,,18/09/2026 07:02
723d1994-3e57-480f-8aeb-bde0e66732e3,format.art,premium,354.9,91,high,low,6,namecheap,,,29/09/2026 18:35
0aa61f7d-2a2c-4b11-8690-c094908613f9,shack.art,premium,291.2,83.3,high,low,5,namesilo,,,24/09/2026 23:26
62e88acc-0852-491c-a2d0-628ec8ce58e8,temper.art,premium,291.2,83.3,high,low,6,namesilo,,,27/09/2026 04:28
82ca89f8-47e1-43d1-a81e-9b1d20efde76,roseate.art,available,3.19,23.99,high,medium,7,namesilo,,,09/09/2026 18:40
9c7b6868-4c79-4eef-98d0-75fbe22c5fc1,massa.art,premium,282.76,72.65,high,low,5,spaceship,,,02/10/2026 17:22
618e9b6c-620c-4f0c-acfa-c531fca5dcb1,pasco.art,premium,131.2,83.3,high,low,5,namesilo,,,30/09/2026 13:57
5624ba01-93fc-408d-9595-df6f10585bdb,hides.art,premium,62.48,83.3,medium,low,5,namesilo,,,18/09/2026 23:59
4d8acf34-037f-40e6-9a96-cece522ebafb,dismantled.art,premium,131.2,83.3,medium,low,10,namesilo,,,14/08/2026 01:22
3e4120b0-3679-4fdc-8e64-12c814a1b86d,gaps.art,premium,131.2,83.3,medium,low,4,namesilo,,,20/09/2026 11:47
2a79e7a3-f380-4102-969d-dc1be306048a,depends.art,premium,354.9,91,medium,low,7,namecheap,,,25/09/2026 20:36
96fe9742-1a10-4843-9ff9-2ca4e6391caf,knitted.art,premium,291.2,83.3,medium,low,7,namesilo,,,22/08/2026 16:27
de2c8b61-620c-4a35-9607-6bbc73334479,magicians.art,premium,354.9,91,medium,low,9,namecheap,,,20/09/2026 20:54
15afd41c-267a-4891-b731-dbf3cdf911f0,chelsea.art,premium,3450,83.3,high,low,7,namesilo,,,25/09/2026 14:48
1b6ffbc5-e586-4a14-bd77-b6a07d0f90c5,defiance.art,premium,291.2,83.3,medium,low,8,namesilo,,,29/09/2026 12:02
c3fb19c0-20c4-4a62-a1a0-7ee0864c4d79,cabaret.art,premium,3900,91,high,low,7,namecheap,,,30/09/2026 16:32
74855abe-cfc2-49b9-bba3-a3c157c2dcf5,pigheaded.art,available,3.19,23.99,medium,low,9,namesilo,,,11/08/2026 08:32
50bf63df-c16f-44ea-ad63-50e1ec53858e,joni.art,premium,282.76,72.65,medium,low,4,spaceship,,,02/10/2026 00:14
ae2905df-6c1d-4773-afcb-b4e2d55a66b1,impossibility.art,premium,21.94,72.65,medium,low,13,spaceship,,,30/09/2026 23:16
5545a514-4bfa-4c64-9be0-600962bd549d,discordant.art,available,3.19,23.99,medium,low,10,namesilo,,,14/08/2026 10:00
64daca59-b31e-4dd5-85de-73711edf4795,untitled.art,premium,3450,83.3,high,low,8,namesilo,,,12/09/2026 11:12
e1ec9265-b7aa-466a-a907-a21d1fb80864,fearlessly.art,available,3.19,23.99,medium,low,10,namesilo,,,14/09/2026 10:44
5786f037-b85a-412b-87d9-edc5da4ce92b,minutes.art,premium,131.2,83.3,high,low,7,namesilo,,,30/09/2026 04:36
b79f4ce7-ad24-4f7a-b058-64e6b8a867a8,thelma.art,premium,291.2,83.3,medium,low,6,namesilo,,,28/09/2026 21:54
21d5d731-d4fb-4311-a79d-34c190e80035,slug.art,premium,354.9,91,high,low,4,namecheap,,,23/09/2026 13:52
f2a4adcb-7b53-4e74-955c-ddde4ef8cb17,amble.art,premium,131.2,83.3,medium,low,5,namesilo,,,18/09/2026 16:54
09f2df91-0026-493f-b573-6f2109b664c2,michaels.art,premium,131.2,83.3,high,high,8,namesilo,,,27/09/2026 22:11
78988cec-4a9d-4f9b-8e89-8ea6c54fe616,misguided.art,premium,153.75,87.5,medium,low,9,name.com,,,21/08/2026 18:57
e952c11c-59f3-4861-9a13-230e189b40fc,vomit.art,premium,291.2,83.3,high,medium,5,namesilo,,,10/09/2026 07:32
1e84b020-3ad3-43eb-b58a-3795feea38c4,dowry.art,premium,62.48,83.3,medium,low,5,namesilo,,,24/09/2026 23:36
6668f06a-ca1c-410f-9133-c62c97db0725,sprayer.art,premium,131.2,83.3,high,low,7,namesilo,,,21/09/2026 00:21
1cce456f-b843-4a00-bba7-092ef4ff0690,convinces.art,available,3.19,23.99,medium,low,9,namesilo,,,02/10/2026 22:25
931ebefb-2bf3-46aa-b953-e6ff395d2014,vantage.art,premium,291.2,83.3,high,medium,7,namesilo,,,17/09/2026 10:29
912c01b6-b34e-407a-9ed0-41bb6ff9ec80,dudley.art,premium,291.2,83.3,medium,low,6,namesilo,,,28/09/2026 12:03
c5bba255-529c-4343-9dee-562051b03f5a,ranted.art,premium,291.2,83.3,low,low,6,namesilo,,,20/09/2026 16:55
c430ac6d-a032-4ffd-9a12-5fe112725661,slot.art,premium,3824.21,76.94,high,medium,4,porkbun,,,29/09/2026 18:36
d55d3c1d-1f0a-45f7-81f8-1960187cc26a,notary.art,premium,291.2,83.3,high,low,6,namesilo,,,03/10/2026 01:42
2ebf6e55-796d-43c2-ae09-16d79fcd9fbe,yesterday.art,premium,227.7,83.3,high,low,9,unstoppable,,,28/09/2026 16:50
b975748c-e7f9-4251-be50-b2867d7ff724,yeoman.art,premium,131.2,83.3,medium,low,6,namesilo,,,23/09/2026 01:07
d0629917-7931-42f1-9758-484e9e13b3e4,spikes.art,premium,102.7,,high,low,6,unstoppable,,,30/09/2026 07:14
21c1d570-abae-4ada-a158-593c49c3392f,laurent.art,premium,291.2,83.3,medium,low,7,namesilo,,,27/09/2026 09:55
bd32ebb4-f2aa-4c05-a5e9-4379256769eb,pitcher.art,premium,354.9,91,medium,low,7,namecheap,,,28/09/2026 09:43
035252fb-258f-422f-8e43-605453530171,engaged.art,premium,341.25,87.5,high,low,7,name.com,,,10/08/2026 19:07
a0e70c71-d55a-43f1-927d-d0bfd0a23f81,paternity.art,premium,127.51,72.65,high,low,9,spaceship,,,01/10/2026 02:01
a7cddd61-506c-44ce-936a-79352c2f40aa,belgrade.art,premium,291.2,83.3,high,low,8,namesilo,,,23/09/2026 05:11
376d3637-a768-4009-9422-5fb8e2ef4199,lookup.art,premium,227.7,83.3,high,low,7,unstoppable,,,02/10/2026 15:31
86ec6bb3-6868-4e97-ab98-685cafbd87e2,stolid.art,premium,41.3,83.3,medium,low,6,namesilo,,,21/08/2026 21:51
4eab965b-306b-4e05-9c71-b33f939a5cb7,immaterial.art,premium,78.75,87.5,medium,low,10,name.com,,,17/08/2026 19:22
74687443-5885-4dd7-9df2-e62fc6db2b6e,inflected.art,available,3.19,23.99,medium,low,9,namesilo,,,22/08/2026 04:31
1087dd91-77ee-4bfc-9361-e2a80460713c,cns.art,premium,354.9,91,medium,low,3,namecheap,,,28/09/2026 09:21
d041e5a3-0762-4dc6-9ea7-9cb20b7c7d60,institutional.art,premium,21.94,72.65,medium,low,13,spaceship,,,01/10/2026 06:16
106509ed-2ef5-40c4-83fa-9b4496daa131,munich.art,premium,15525.2,72.65,high,low,6,spaceship,,,30/09/2026 05:22
bc44185e-e75e-4bd5-abc5-502f5953e9a2,pyrrhic.art,premium,62.48,83.3,medium,low,7,namesilo,,,09/09/2026 07:12
239186a7-dce3-4f06-8093-af6de77a6a7e,scorched.art,premium,291.2,83.3,medium,low,8,namesilo,,,
b4132b74-815f-4c09-a1ac-609b964e57e4,reverend.art,premium,291.2,83.3,high,low,8,namesilo,,,09/09/2026 16:06
d7134305-20f8-46f9-8ea2-352cdca63708,silvia.art,premium,291.2,83.3,medium,low,6,namesilo,,,29/09/2026 12:28
84441dd5-d8ce-4c7f-93e7-5906f75dccfe,saleable.art,premium,81.9,91,high,medium,8,namecheap,,,09/09/2026 20:51
be1c66f3-3230-44a7-a3fa-5b53ac8efecf,matte.art,premium,291.2,83.3,high,low,5,namesilo,,,25/09/2026 17:39
3bc8449b-4745-4358-b65a-5a3f999aafc0,classy.art,premium,291.2,83.3,high,low,6,namesilo,,,12/08/2026 09:52
9e9ea876-2c22-4b75-9cc0-704b64813969,dissimilar.art,premium,62.48,83.3,medium,low,10,namesilo,,,14/08/2026 12:48
08dd80ff-372f-446d-a615-dd647dc40e5e,meteorite.art,premium,291.2,83.3,high,low,9,namesilo,,,02/10/2026 05:46
6a0373d8-f128-4698-ae29-42cb68fbb916,williamstown.art,premium,21.94,72.65,medium,low,12,spaceship,,,29/09/2026 22:48
86aaa4ea-83a1-4c30-827d-f518816bfbc8,dresden.art,premium,354.9,91,high,low,7,namecheap,,,30/09/2026 17:05
b4f473ff-f207-4942-b6fa-dc4c2d4eda17,widower.art,premium,62.48,83.3,medium,low,7,namesilo,,,30/09/2026 11:20
32623d5a-f4cd-4159-b292-fb852af29896,tin.art,premium,227.7,83.3,high,low,3,unstoppable,,,28/09/2026 23:00
927c16c8-c245-463a-8408-d12da2a582d0,shortly.art,premium,102.7,83.3,medium,low,7,unstoppable,,,28/09/2026 13:26
0f1073bd-8a86-4d24-8f31-ff49ea939f94,overbold.art,available,3.98,32.98,medium,low,8,namecheap,,,04/09/2026 20:21
39346137-cc40-4d3a-b147-e47ae1febdde,widely.art,premium,102.7,83.3,medium,low,6,unstoppable,,,28/09/2026 16:47
8b89f5ce-970e-4d11-b5dc-f002f3ffd489,springtime.art,premium,291.2,83.3,high,low,11,namesilo,,,02/10/2026 23:30
287a55d5-f06e-4773-a771-73160a0d93d6,unmixed.art,premium,62.48,83.3,medium,low,7,namesilo,,,12/09/2026 06:02
f8531704-ef0f-4054-a78c-97e93136ca4c,aerobics.art,premium,291.2,83.3,high,low,8,namesilo,,,17/09/2026 12:56
6594f27e-91e7-4642-b8de-05913b296b6c,prevail.art,premium,291.2,83.3,high,medium,7,namesilo,,,09/09/2026 01:31
6e8ad07d-8bed-4f22-8ebc-c72e2231eed1,buttonwood.art,premium,81.9,91,medium,low,10,namecheap,,,18/09/2026 20:34
202ff0c3-ebd3-4e57-8729-143a50acab0f,variables.art,premium,62.48,83.3,medium,low,9,namesilo,,,
0bf1a96c-c306-4258-b0ef-9351a8956ee1,chromium.art,premium,291.2,83.3,medium,low,8,namesilo,,,20/09/2026 22:39
994531b7-3e7d-4b53-b081-f841cb8ba000,sickly.art,premium,153.75,87.5,high,low,6,name.com,,,
f6448c20-c884-4f00-aec0-91efb2514053,adhocracy.art,available,3.19,23.99,medium,low,9,namesilo,,,17/09/2026 08:02
0698d733-fd13-484f-a9f7-a12a9d6f21ab,studies.art,premium,3450,83.3,high,low,7,namesilo,,,16/09/2026 11:06
acafbbcf-eca7-4736-a690-745db6616f84,blessed.art,premium,291.2,83.3,high,low,7,namesilo,,,22/09/2026 18:43
53a7fd03-aed9-4114-a0ff-044961f368d2,giant.art,premium,3450,83.3,high,low,5,namesilo,,,24/09/2026 13:50
36eb3842-0f0d-4a9b-aa6e-1686e72f4358,longus.art,premium,282.76,72.65,medium,low,6,spaceship,,,02/10/2026 22:17
a65d05a4-232c-4376-a29b-fe00e7864c8e,carlist.art,premium,156.98,76.94,medium,low,7,porkbun,,,02/10/2026 18:54
04232288-31dd-49a4-af2d-2a74032161bd,tel.art,premium,3450,83.3,high,low,3,namesilo,,,01/10/2026 11:20
55aa3f2d-1db2-46c2-8abf-53ac9bec1a4b,rewind.art,premium,354.9,91,high,low,6,namecheap,,,02/10/2026 06:47
6021f756-1d6b-4e2e-80e0-abb5249174ea,manzoni.art,premium,291.2,83.3,high,low,7,namesilo,,,18/09/2026 05:31
69fd4aa9-2fac-43a7-a932-b937029c41ac,moribund.art,premium,62.48,83.3,medium,low,8,namesilo,,,25/08/2026 06:31
3cd94f1f-ddec-46c6-ba63-a1083c1d17ab,parris.art,premium,159.9,91,medium,low,6,namecheap,,,30/09/2026 20:35
e06ec4dd-5d2f-40f6-a2e4-f111dbe4d817,arpeggio.art,premium,159.9,91,high,low,8,namecheap,,,20/09/2026 08:37
9cbb8b29-bc88-42a5-8360-8bfb3a072a88,trondheim.art,premium,227.7,,high,low,9,unstoppable,,,29/09/2026 13:33
ba0ae053-c489-436d-913f-625e27108dab,tragicomic.art,premium,41.3,83.3,medium,low,10,namesilo,,,11/09/2026 18:46
8fb2be40-9779-4cf0-9703-7010fd361ede,franciscan.art,premium,131.2,83.3,high,low,10,namesilo,,,18/08/2026 14:06
6b867a18-6bed-4a24-a64d-5315fdd76a22,dennison.art,premium,131.2,83.3,medium,low,8,namesilo,,,30/09/2026 05:23
8df1201e-4b9d-4435-8fce-8a09f931f0f5,dazzled.art,premium,78.75,87.5,high,low,7,name.com,,,13/08/2026 18:57
1fbffe0d-c332-43cc-850c-90c4fd16a8d7,aphid.art,premium,62.48,83.3,medium,low,5,namesilo,,,19/09/2026 16:56
8cca5ad0-00b8-4b2c-92f9-b102802d1e2a,turf.art,premium,282.76,72.65,high,low,4,spaceship,,,28/09/2026 05:54
88c4c8e8-4df6-4364-af4e-01db20bdff51,monsoon.art,premium,282.76,72.65,high,low,7,spaceship,,,30/09/2026 18:04
498a1d96-be4d-4aef-a31e-75b70d9e68db,saute.art,premium,41.3,83.3,high,low,5,namesilo,,,09/09/2026 22:00
38c08617-ed8a-469f-9036-47caf5c2c97c,innermost.art,premium,62.48,83.3,medium,low,9,namesilo,,,22/08/2026 05:53
32a42f20-6ef6-4892-8941-c0d16e1503ab,banishment.art,premium,62.48,83.3,medium,low,10,namesilo,,,22/09/2026 02:06
b3e78d02-0806-4f4d-b96b-1809caea6ff9,svetlana.art,premium,282.76,72.65,high,low,8,spaceship,,,02/10/2026 00:36
2586ab73-c4cf-4083-9a99-5f0f65b7deda,hungry.art,premium,291.2,83.3,high,low,6,namesilo,,,25/09/2026 06:41
f76905e9-f794-4c33-945c-12c28fe84c2a,cagey.art,premium,41.3,83.3,medium,low,5,namesilo,,,11/08/2026 13:19
67975c85-49ff-4e83-ad44-4437504ed4e1,butt.art,available,,,medium,low,4,,,,
a5f1feda-9915-4d16-9882-8437b00b9a3b,principles.art,premium,52.7,83.3,high,low,10,unstoppable,,,03/10/2026 04:22
cdb250c6-d02c-4942-8151-50cfe24b0ec0,andvari.art,available,3.98,32.98,medium,low,7,namecheap,,,19/09/2026 05:02
138f9e6c-e8b8-4136-8026-20963523ee70,apanage.art,premium,81.9,91,medium,low,7,namecheap,,,19/09/2026 16:12
e7124368-acef-4a3d-806b-5bdefedf11be,disposal.art,premium,291.2,83.3,high,low,8,namesilo,,,17/09/2026 08:43
1a499819-18ac-4b0a-ac4f-b02a09615356,stroll.art,premium,291.2,83.3,high,low,6,namesilo,,,18/09/2026 16:59
282fceec-8db8-40d4-801c-6469decf1adc,cleaning.art,premium,1662.5,83.3,high,low,8,namesilo,,,12/08/2026 10:25
90cb7e4d-2b44-4c54-b4bd-9f599fa587c1,head.art,premium,3824.21,76.94,high,low,4,porkbun,,,30/09/2026 14:18
60e6158f-461b-4f12-9214-b003832f17ef,emollient.art,premium,131.2,83.3,medium,low,9,namesilo,,,14/08/2026 01:39
01dfb7d8-d912-461c-b920-d79998b5e7a9,apophatic.art,available,,,medium,low,9,,,,
0781e613-ff37-497f-a27a-b9fefcacaae3,panic.art,premium,282.76,72.65,medium,low,5,spaceship,,,28/09/2026 19:23
c5cc8b83-d02f-4ca0-948c-f58cdbce733f,yesteryear.art,premium,62.48,83.3,high,low,10,namesilo,,,08/09/2026 10:02
06c2b8af-8209-410d-b4a2-00d0cfc835d8,witnesses.art,premium,354.9,91,medium,low,9,namecheap,,,25/09/2026 18:59
e22496c1-2369-4a72-9bfd-f8a5bdd2a9ba,oneself.art,premium,127.51,72.65,high,low,7,spaceship,,,02/10/2026 20:15
73073316-478a-4098-979b-74ad122de635,illustrates.art,available,3.49,20.9,medium,low,11,spaceship,,,02/10/2026 22:27
3f320000-6268-4e8f-af52-ea87f95f66dd,captivated.art,premium,291.2,83.3,medium,low,10,namesilo,,,09/08/2026 09:52
8693f9e9-6e24-4b17-8f65-4bca60703b35,tsa.art,premium,282.76,72.65,medium,low,3,spaceship,,,30/09/2026 19:01
36860716-87ad-437f-8bf9-d772a87f4dcf,seminary.art,premium,159.9,91,high,low,8,namecheap,,,01/10/2026 03:37
86f7ca64-4b62-40b5-8a4b-25fb62b40de1,amherst.art,premium,131.2,83.3,high,low,7,namesilo,,,25/09/2026 12:38
1cef05b9-5d6f-4a26-82fb-e9a0fa57508d,reconstructed.art,premium,21.94,72.65,medium,low,13,spaceship,,,30/09/2026 22:29
97eb6de3-20fb-4031-b57f-101821999c88,paranoia.art,premium,300.3,77,high,low,8,dynadot,,,29/09/2026 19:54
02cf5a27-61b4-46ce-a31b-453de3fc4895,tomlinson.art,premium,291.2,83.3,medium,low,9,namesilo,,,28/09/2026 12:15
d3d8a746-24d3-4df3-9ddb-b6c158b84da8,bailor.art,available,3.98,32.98,medium,low,6,namecheap,,,21/09/2026 19:14
0c4197a7-7829-432a-bc71-03bf8efc1915,whoever.art,premium,159.9,91,medium,low,7,namecheap,,,02/10/2026 19:38
6632b01a-d0c4-4559-a8ae-8b208143bfd6,addon.art,premium,159.9,91,high,low,6,namecheap,,,17/09/2026 06:37
4afd37b0-94c0-4192-89ee-fae72fdf3ab2,fortress.art,premium,227.7,,high,low,8,unstoppable,,,28/09/2026 05:46
e2cd750a-076b-4bae-9f7f-598c165093bb,bandages.art,premium,282.76,72.65,low,low,8,spaceship,,,01/10/2026 17:46
0e54773a-7095-4cd1-9501-0320248aa095,saccadic.art,available,3.19,23.99,high,medium,8,namesilo,,,09/09/2026 20:35
0d59e104-b8a1-4a86-be6a-d89fa591a8a3,bimanual.art,available,3.19,23.99,medium,low,8,namesilo,,,09/08/2026 22:36
2b601959-6ed9-4ccb-9dae-7e993b836d0a,morbid.art,premium,291.2,83.3,medium,low,6,namesilo,,,14/08/2026 10:10
aa3a9444-7fc8-47b2-a65c-0766d51abf1a,bradshaw.art,premium,127.51,72.65,high,low,8,spaceship,,,27/09/2026 18:05
c53b9d1c-c095-4ced-9675-bb63b7a98215,motive.art,premium,291.2,83.3,high,medium,6,namesilo,,,25/09/2026 21:54
ec7f25a9-4b1d-4acb-a96a-e600e3055aa9,amid.art,premium,263.27,58.3,high,low,4,porkbun,,,30/09/2026 11:35
4540df1d-2bd0-4195-b93a-b9f7fb77a646,morgue.art,premium,291.2,83.3,medium,low,6,namesilo,,,25/08/2026 06:42
bceb3868-ae6d-47ea-8634-44d6d4a8d267,clarified.art,premium,300.3,77,medium,low,9,dynadot,,,02/10/2026 21:44
dc1fb52c-abfd-482d-ab90-0e0b5c595be2,luo.art,premium,282.76,72.65,high,low,3,spaceship,,,29/09/2026 07:30
4cb9bfbd-2cb6-4231-ab28-065db282e3ef,amanda.art,premium,291.2,83.3,high,low,6,namesilo,,,25/09/2026 13:54
b551fa9b-1f63-47d6-98a9-5262d65e1850,swagman.art,premium,131.2,83.3,medium,low,7,namesilo,,,11/09/2026 05:01
36db6cd2-f7be-45fe-b082-f80ac3b79af3,disruption.art,premium,131.2,83.3,high,low,10,namesilo,,,24/09/2026 16:35
c16b3986-02d9-4b5a-a5fa-d8b989a5554d,chalky.art,premium,62.48,83.3,high,low,6,namesilo,,,11/08/2026 13:39
621d3756-da65-437b-93b8-1128cb5d1e5c,slices.art,premium,62.48,83.3,medium,low,6,namesilo,,,30/09/2026 15:42
b10e6162-b999-49ab-b7f7-2f768e01e39b,incompatible.art,premium,17.7,83.3,medium,low,12,unstoppable,,,01/10/2026 21:24
51316732-e15a-4944-8de5-ce1ad0dbc5a4,tribunes.art,available,3.49,20.9,low,low,8,spaceship,,,02/10/2026 14:03
24713c8f-cc75-434e-be4c-84b9233aedad,cursively.art,available,3.19,23.99,medium,low,9,namesilo,,,14/09/2026 10:07
94cd76f7-778a-4c89-b55f-3cd65c2f776f,blower.art,premium,291.2,83.3,medium,low,6,namesilo,,,12/08/2026 01:06
00a70573-87a7-43a7-922d-1e8ff11c79e1,comose.art,premium,153.75,87.5,low,low,6,name.com,,,12/08/2026 18:22
36dcb472-0d1d-4d02-970e-a0cbf1b6fd25,awards.art,premium,17250,83.3,medium,low,6,namesilo,,,28/09/2026 08:41
e57af4ce-93d4-476d-9112-c245899b0f9c,heartleaf.art,available,3.98,32.98,medium,low,9,namecheap,,,20/09/2026 12:53
bdb30bd2-2b2a-4d8f-ab80-19afea8b2b48,holotype.art,available,3.19,23.99,high,low,8,namesilo,,,25/09/2026 23:08
7299087e-065d-44a5-9394-83852ed85982,zoning.art,premium,62.48,83.3,high,low,6,namesilo,,,01/10/2026 04:08
303d6aea-e82d-4fdc-9fc1-37d4e4b48b3f,stratford.art,premium,291.2,83.3,high,low,9,namesilo,,,25/09/2026 14:45
4e3c0645-327e-45b9-842d-ad1e02d69622,bister.art,premium,62.48,83.3,high,low,6,namesilo,,,23/09/2026 22:08
0c399090-e200-4174-88db-31fadee0f13d,patched.art,premium,62.48,83.3,medium,low,7,namesilo,,,08/09/2026 10:18
34545646-5bdf-4618-878b-0c75b0f9bcc8,coined.art,premium,43.67,72.65,medium,low,6,spaceship,,,02/10/2026 01:39
940341c9-b40f-40a5-891e-34715e7c3bc1,booze.art,premium,291.2,83.3,medium,low,5,namesilo,,,24/09/2026 07:21
517efbba-d730-4f35-8324-17c043957e28,cleric.art,premium,131.2,83.3,high,low,6,namesilo,,,14/08/2026 23:27
0d1345ec-08f6-48a6-9612-e90e6fa1f4ea,applicant.art,premium,291.2,83.3,high,low,9,namesilo,,,19/09/2026 21:53
85f84e92-dbbd-4eb3-bb29-045e097e8079,rocking.art,premium,3450,83.3,high,low,7,namesilo,,,28/09/2026 15:55
1ecb232f-03fb-47f6-b5c1-5127fd43b3e1,vax.art,premium,282.76,72.65,high,low,3,spaceship,,,02/10/2026 02:08
d3a1b5e1-f30d-49e8-813a-93bc8cd2613f,susurrant.art,available,3.19,23.99,medium,low,9,namesilo,,,03/09/2026 11:08
10167161-7978-4ff3-9edb-94a9876fe992,consolidated.art,premium,21.94,72.65,high,low,12,spaceship,,,29/09/2026 16:56
38223d53-339b-4064-8ba0-df4d89b41ed6,acanthion.art,available,3.98,32.98,medium,low,9,namecheap,,,16/09/2026 20:39
5d2cceb8-df5f-4bf5-8f95-bb4fc64721ec,lewdly.art,available,3.19,23.99,low,low,6,namesilo,,,15/09/2026 11:12
653bd40c-33d3-48e8-a12c-5034e78dd35f,unsuitable.art,premium,62.48,83.3,medium,low,10,namesilo,,,22/08/2026 00:19
e0d073dc-2f61-4cd7-80d7-624518ee7a36,kongo.art,premium,354.9,91,high,low,5,namecheap,,,01/10/2026 02:49
bfdfbdfd-b073-4292-81b0-cf0171155469,irregular.art,premium,291.2,83.3,high,low,9,namesilo,,,25/09/2026 11:26
4af19087-58a7-49e7-8320-db2033aae5cc,steroids.art,premium,354.9,91,medium,low,8,namecheap,,,19/09/2026 19:38
590f856a-cc7d-45da-a4e0-d26bfc5593b6,hoyer.art,premium,127.51,72.65,high,low,5,spaceship,,,03/10/2026 04:23
6812a0c6-8941-4c13-8dfa-9f89e466f5d9,furnish.art,premium,300.3,77,high,low,7,dynadot,,,30/09/2026 11:07
76a58288-e880-4d14-b41c-129dc6f9ca7f,imitative.art,available,3.19,23.99,medium,low,9,namesilo,,,13/08/2026 03:34
103a47b8-31ab-4ee9-9ada-d12ab3d2eb78,arbalest.art,premium,62.48,83.3,medium,low,8,namesilo,,,20/09/2026 00:33
14a85a71-8b0c-4474-a5d1-f0692da047eb,closer.art,premium,291.2,83.3,high,low,6,namesilo,,,28/09/2026 14:02
d031c592-fa77-409d-8483-bce345d2402d,persisted.art,premium,131.2,83.3,medium,low,9,namesilo,,,18/09/2026 08:42
32370307-0bd4-4462-8077-13468a09100e,aftertaste.art,premium,131.2,83.3,high,low,10,namesilo,,,17/09/2026 15:52
ecc10170-8c5b-46f1-a866-079eeb3d5dd2,preach.art,premium,227.7,,high,low,6,unstoppable,,,28/09/2026 15:35
1f4ae224-d4c0-42d8-af57-dd7954c1eb70,specter.art,premium,291.2,83.3,high,low,7,namesilo,,,08/09/2026 18:41
87004233-d907-4074-b5f2-371797595635,adf.art,resell,,,high,low,3,,,,01/10/2026 06:54
fe072789-8926-4ca6-a70d-d160ddeb707c,sabotage.art,premium,291.2,83.3,medium,low,8,namesilo,,,28/09/2026 13:47
ae092560-9a34-43ab-b881-6190e4b71e8c,bragger.art,available,3.19,23.99,medium,low,7,namesilo,,,11/08/2026 01:14
3a66c91c-8bcc-4371-a071-67912ea5205e,camisole.art,premium,62.48,83.3,high,low,8,namesilo,,,24/09/2026 11:52
55976f9d-060e-48ff-b771-f97566e8c84b,myeloid.art,available,3.19,23.99,medium,low,7,namesilo,,,03/09/2026 12:06
7c14b7af-ba9d-44a7-a7e2-053b176a6169,gloved.art,premium,41.3,83.3,medium,low,6,namesilo,,,20/08/2026 14:52
05a0ab46-3335-4deb-ad34-977cd4c8b92d,jut.art,premium,291.2,83.3,medium,low,3,namesilo,,,22/08/2026 14:56
8a0933cb-7bdf-49a9-b488-dd7657c13d23,cocksure.art,premium,291.2,83.3,medium,low,8,namesilo,,,12/08/2026 15:00
9c13a998-fc2f-48a8-be05-f0d7532b14ab,tub.art,premium,291.2,83.3,high,low,3,namesilo,,,29/09/2026 01:33
ed58759f-f592-4fea-bbde-ae8ce9f1f210,conjugal.art,premium,62.48,83.3,medium,low,8,namesilo,,,12/08/2026 22:07
1749edd8-ca61-4ee7-8066-94e79d3636c4,roarer.art,available,3.98,32.98,medium,low,6,namecheap,,,22/09/2026 16:57
fd355c98-3c09-4154-a362-d3484f92caae,caterpillar.art,premium,17.7,,high,high,11,unstoppable,,,30/09/2026 11:35
64990bbb-b274-4b44-ac43-229a0d2471ea,hesitate.art,premium,354.9,91,medium,low,8,namecheap,,,28/09/2026 20:09
ac4fea98-da81-422d-acd2-accb90009714,goes.art,premium,159.9,91,high,low,4,namecheap,,,25/09/2026 16:38
6a92c35b-04bc-4eac-ac8b-9c1a1f54955d,cleaned.art,premium,291.2,83.3,high,low,7,namesilo,,,27/09/2026 02:45
0b3193ff-463f-49ec-8733-8bcea86b3b72,clandestine.art,premium,20.65,83.3,medium,low,11,namesilo,,,02/10/2026 17:35
1a86118b-d776-45fc-adcb-0265460cc5ac,coruscant.art,premium,131.2,83.3,medium,low,9,namesilo,,,
b3780e85-fb1e-45b0-8ced-25d0198330e9,deary.art,premium,153.75,87.5,medium,low,5,name.com,,,13/08/2026 18:21
cc4b53d5-5f15-4715-8d53-855b8b3a19c7,bracelet.art,premium,291.2,83.3,high,low,8,namesilo,,,22/09/2026 01:56
5d7e7e25-29bc-4090-a66f-2d9becdffc92,capt.art,premium,291.2,83.3,high,low,4,namesilo,,,25/09/2026 12:23
36cc95b7-16f6-4703-9191-79527c985199,merrick.art,premium,282.76,72.65,medium,low,7,spaceship,,,28/09/2026 16:40
ba12885d-7205-4043-bb00-dc5aaefb7baa,stumbled.art,premium,52.7,,low,low,8,unstoppable,,,29/09/2026 16:59
8452649d-c2ab-4a8c-901f-cf13bf0ea5fd,mourn.art,premium,69.3,77,high,low,5,dynadot,,,30/09/2026 11:23
05fbf929-0b3d-40df-be40-65cde4eee785,shadowed.art,available,3.19,23.99,medium,low,8,namesilo,,,10/09/2026 05:25
c6bfbb43-6a06-422c-be2c-1ac19e213688,braithwaite.art,premium,20.65,83.3,medium,low,11,namesilo,,,02/10/2026 00:44
3eb3c0d0-3afe-4334-9b6b-0b69f768a8b3,stairway.art,premium,348.17,76.94,high,low,8,porkbun,,,29/09/2026 08:07
135c30f6-4850-4154-8fdb-433e3aaad6ac,crepuscle.art,available,3.19,23.99,medium,low,9,namesilo,,,11/09/2026 21:50
875bdaaf-da24-4525-9660-8050c8050721,accelerate.art,premium,282.76,72.65,high,low,10,spaceship,,,29/09/2026 02:40
5f1cdc58-d65f-49eb-ac80-aac6dc897d1c,wilfred.art,premium,300.3,77,medium,low,7,dynadot,,,28/09/2026 07:49
f775dce6-df4b-469b-a296-a7ad664ec9f3,footballer.art,premium,282.76,72.65,high,low,10,spaceship,,,29/09/2026 19:49
6ccf7758-4a54-48a2-bf11-a2dc924de958,sporty.art,premium,291.2,83.3,high,low,6,namesilo,,,10/09/2026 16:35
2e4e8d3f-405c-4552-9808-5afda06d389b,ramesh.art,premium,131.2,83.3,medium,low,6,namesilo,,,02/10/2026 00:05
da833666-679f-46af-8025-8587de253399,rockers.art,premium,291.2,83.3,high,low,7,namesilo,,,23/09/2026 15:34
231ef29d-7852-42ab-ab5a-801a266799c4,longford.art,premium,135.3,77,medium,low,8,dynadot,,,02/10/2026 09:02
c2c711ae-4e38-476c-8d21-827315162423,basics.art,premium,291.2,83.3,high,low,6,namesilo,,,29/09/2026 01:23
13e3d542-d454-4333-a6b3-56bb0dc202aa,biogenesis.art,premium,81.9,91,high,low,10,namecheap,,,23/09/2026 18:02
63e590bf-249b-491b-bb27-fd6fdacb9cde,nguyen.art,premium,282.76,72.65,high,low,6,spaceship,,,28/09/2026 04:48
d0872002-a338-496f-861c-dee21f605ec0,gregory.art,premium,354.9,91,high,low,7,namecheap,,,19/09/2026 06:00
2ef2e444-e80e-44a0-946d-9d05bc8c3cb6,pistols.art,premium,1250.2,,medium,low,7,unstoppable,,,29/09/2026 11:19
8e5c70b9-41a3-4cb3-9acc-b02b56e71d51,opulent.art,premium,131.2,83.3,high,low,7,namesilo,,,14/08/2026 00:58
9760ff56-40c2-43b5-b8ad-9ac0f7a43188,nand.art,premium,291.2,83.3,medium,low,4,namesilo,,,03/10/2026 03:06
a1683824-ef7a-4642-886a-14d2720e3d8a,livonia.art,premium,62.48,83.3,medium,low,7,namesilo,,,30/09/2026 02:09
962eb71d-3900-49b1-bd6a-c513831562ac,smetana.art,premium,291.2,83.3,medium,low,7,namesilo,,,22/09/2026 23:32
91c55000-b907-48d3-977d-538a54647b10,larval.art,premium,78.75,87.5,medium,low,6,name.com,,,22/08/2026 20:01
f73e5b23-f7b3-40ae-911f-1aee39848f1e,algology.art,premium,41.3,83.3,medium,low,8,namesilo,,,18/09/2026 07:09
c489a263-e7cb-4513-afd7-cd4481e8f0f9,slowest.art,premium,41.3,83.3,medium,low,7,namesilo,,,16/09/2026 02:44
56274d84-1a9f-4225-8e35-9613bdf69553,finals.art,premium,131.2,83.3,high,low,6,namesilo,,,18/09/2026 22:07
e6fa830d-872f-4d57-8397-87e487130e36,winning.art,premium,291.2,83.3,high,low,7,namesilo,,,24/09/2026 17:37
e507d13c-f455-47b8-b844-31f40f9cb4fa,lewisburg.art,premium,52.7,,medium,low,9,unstoppable,,,02/10/2026 10:31
39b0ef81-5020-4fce-abb4-663fc8f81c9c,sugary.art,premium,62.48,83.3,high,low,6,namesilo,,,19/09/2026 16:54
c7a926bb-cff8-4160-9c1b-c0d477d912ba,fugacious.art,premium,41.3,83.3,medium,low,9,namesilo,,,17/08/2026 10:20
4d09c0c3-8d16-4ba7-8722-18e625d8d79a,bottled.art,premium,282.76,72.65,medium,low,7,spaceship,,,29/09/2026 03:12
ca2ae4ed-28dd-4e1b-916d-38db428bd628,membranes.art,premium,282.76,72.65,medium,low,9,spaceship,,,02/10/2026 02:30
28e6f1cf-ed6f-4e34-aebd-54c8071b487c,rsc.art,premium,282.76,72.65,high,low,3,spaceship,,,02/10/2026 19:24
df96059b-f228-4f65-8184-02132a17a510,nude.art,available,,,high,low,4,,,,
6efe761d-9517-42fb-b271-96af3217b322,demonstration.art,premium,20.65,83.3,high,low,13,namesilo,,,03/10/2026 01:27
124d817a-2b72-4575-a611-fb2aaf7f7c5e,shakeable.art,available,3.19,23.99,medium,low,9,namesilo,,,10/09/2026 05:34
e49cd47e-291b-419a-b30a-09e1c446b909,buckingham.art,premium,291.2,83.3,high,low,10,namesilo,,,25/09/2026 12:25
5cb41ed7-f267-4704-a724-f0c3abb73a91,distortion.art,premium,291.2,83.3,high,low,10,namesilo,,,11/09/2026 21:55
3bb6e1b4-72d0-445e-a8fe-cff6b7608392,polythene.art,premium,131.2,83.3,medium,low,9,namesilo,,,30/09/2026 07:10
b22bafd0-97f0-47f6-9b9f-a4c0174e2a7a,antinode.art,available,3.19,23.99,medium,low,8,namesilo,,,19/09/2026 14:48
5a865f77-3fda-4fe8-b566-7939e87c76a1,raiding.art,premium,62.48,83.3,medium,low,7,namesilo,,,24/08/2026 15:45
6fa586a0-4bda-4046-bed5-ad83d0766085,pianistic.art,available,3.98,32.98,high,medium,9,namecheap,,,08/09/2026 19:28
406fe8f9-8715-4493-81b2-6e4fc0e4d3c9,powell.art,premium,291.2,83.3,high,low,6,namesilo,,,25/09/2026 04:09
512c237f-c134-493b-ae8e-a5b1e377b50b,pioneer.art,premium,300.3,77,high,low,7,dynadot,,,29/09/2026 01:10
3383cb44-725a-4804-8f2a-b2a06c0cd65a,remotely.art,premium,131.2,83.3,medium,low,8,namesilo,,,15/09/2026 23:10
0b9df309-6851-4638-ae2e-3bfaa65b12a2,unaged.art,available,3.19,23.99,medium,low,6,namesilo,,,12/09/2026 00:11
a3b30fa5-6462-4d28-8d83-2007ef2f3f8e,swinging.art,premium,62.48,83.3,high,low,8,namesilo,,,23/08/2026 08:43
4c730bb5-6da5-40a7-9e6b-00ccbdaf42cb,mae.art,premium,354.9,91,high,low,3,namecheap,,,27/09/2026 18:26
94eaa77b-5229-43fc-84d7-854a1ba5b7f1,wilbur.art,premium,131.2,83.3,high,low,6,namesilo,,,27/09/2026 07:43
a03e780a-6027-4a33-9a34-6e357d2c9bc7,esthetics.art,premium,291.2,83.3,high,low,9,namesilo,,,17/09/2026 13:38
0ccc7c28-43ec-4ed4-8010-a16bb6671c9d,aspartame.art,premium,62.48,83.3,medium,low,9,namesilo,,,20/09/2026 14:43
cf0e7a42-9b05-4c78-af48-42bc51448593,anorgasmia.art,available,3.19,23.99,medium,low,10,namesilo,,,19/09/2026 11:47
7b41a436-8c06-480c-9760-c9390c9ddc93,shakes.art,premium,135.3,77,medium,low,6,dynadot,,,29/09/2026 17:26
ca5b4b29-9bc2-4999-9003-4f49baa29b9f,bmw.art,premium,282.76,72.65,high,high,3,spaceship,,,28/09/2026 03:27
bb926be8-ec17-4adc-b96c-36fb75ea396b,natality.art,premium,81.9,91,medium,low,8,namecheap,,,23/09/2026 21:04
d65e102d-7187-49b5-8b30-f2792c561697,sinaloa.art,premium,156.98,76.94,medium,low,7,porkbun,,,30/09/2026 05:06
64c31dbc-aafc-4195-a87b-f7c4d081f0f2,banns.art,premium,62.48,83.3,medium,low,5,namesilo,,,22/09/2026 02:56
7432fb09-a793-469f-b798-30651014ab71,oftentimes.art,available,3.98,32.98,medium,low,10,namecheap,,,14/09/2026 20:04
12590f07-b0d4-4ccf-835f-76158f18d116,jamieson.art,premium,127.51,72.65,high,low,8,spaceship,,,29/09/2026 22:21
d5f0437b-abc1-4372-949d-b4799156d2b2,bloomsbury.art,premium,348.17,76.94,medium,low,10,porkbun,,,29/09/2026 18:00
7690c467-e8a4-4427-9278-5acf0f1dce0e,squiggly.art,premium,41.3,83.3,medium,low,8,namesilo,,,10/09/2026 17:43
6957eea5-dca5-4bcd-acdf-7bf903c24f9e,carly.art,premium,291.2,83.3,high,low,5,namesilo,,,29/09/2026 15:23
1ba138c2-8160-4c88-8595-eb0ef852b86c,betrayed.art,premium,291.2,83.3,medium,low,8,namesilo,,,26/09/2026 03:08
71e10c59-1ce0-41fd-92ba-c0c5ea008ab4,mesial.art,available,3.98,32.98,medium,low,6,namecheap,,,24/08/2026 21:08
3e59798e-6943-47f5-a342-01f842e7e57e,chrysostom.art,premium,62.48,83.3,medium,low,10,namesilo,,,02/10/2026 00:43
b923d64c-0dc1-4303-9236-b2fc1308ad77,makeovers.art,premium,131.2,83.3,medium,low,9,namesilo,,,21/09/2026 08:55
14acd72f-45d6-4b7a-9693-b5e73b7546f7,snuffling.art,available,3.19,23.99,high,medium,9,namesilo,,,10/09/2026 12:36
af5d7bfb-6af5-48ad-97a0-ead503947398,exterminate.art,premium,27.3,91,medium,low,11,namecheap,,,02/10/2026 17:36
e61bf60d-05ab-43b1-8241-92568dd7275d,dismayed.art,available,3.19,23.99,medium,low,8,namesilo,,,
f46fd175-6d66-4b3d-86e7-365f06c0ac35,vicinity.art,premium,135.3,77,high,low,8,dynadot,,,28/09/2026 19:41
b7cfd20d-991c-4797-a021-7332d6506804,bilsted.art,available,3.98,32.98,medium,low,7,namecheap,,,18/09/2026 20:49
873caaef-0634-4cf1-a518-e2074e43f9f5,ashamed.art,premium,131.2,83.3,medium,low,7,namesilo,,,27/09/2026 17:32
4ea560e5-4317-4cda-91e8-f5296e65b6e1,predator.art,premium,300.3,77,medium,low,8,dynadot,,,28/09/2026 14:50
69854da2-c529-4152-b7ab-1b9108adbe1a,installed.art,premium,43.67,72.65,medium,low,9,spaceship,,,28/09/2026 12:57
7c1f9e65-16c5-4be7-9f1a-426a08c23ccf,animated.art,premium,291.2,83.3,high,low,8,namesilo,,,22/09/2026 05:00
e4379813-4e98-41cb-9f8b-ba6482906af9,clarissa.art,premium,300.3,77,medium,low,8,dynadot,,,29/09/2026 21:24
e44a2261-5865-4405-a3a2-b83ab74fece9,martyn.art,premium,282.76,72.65,medium,low,6,spaceship,,,29/09/2026 09:11
93c4b389-f20a-4649-9ecd-325a21b0a1cf,folklore.art,premium,291.2,83.3,high,low,8,namesilo,,,30/09/2026 01:40
294677e5-f78f-4631-b5f1-847d6357a0a4,voltage.art,premium,282.76,72.65,high,low,7,spaceship,,,29/09/2026 00:46
b75b6ce1-ff89-4ef5-90cc-7d4d2c1763e7,bladder.art,premium,291.2,83.3,high,low,7,namesilo,,,24/09/2026 03:26
5b46e298-ff14-4f44-aee9-cba9919f4c2f,sparing.art,premium,41.3,83.3,high,low,7,namesilo,,,18/08/2026 16:58
058bc16d-3450-42f7-a92b-d524be397e7d,disgraceful.art,premium,26.96,76.94,medium,low,11,porkbun,,,30/09/2026 23:03
a6b11d69-5e20-4f10-889c-a2bab045680a,subacid.art,available,3.19,23.99,medium,low,7,namesilo,,,10/09/2026 23:22
7c95f481-eaf7-46a9-a8fb-ead360d80608,apparent.art,premium,291.2,83.3,high,low,8,namesilo,,,06/08/2026 05:08
37575883-fa06-46c5-8925-3b183acd35d9,perry.art,premium,291.2,83.3,high,low,5,namesilo,,,24/09/2026 16:31
80cab98d-5f61-4c06-9c2f-5e86040da178,zirconium.art,premium,78.75,87.5,medium,low,9,name.com,,,20/09/2026 23:04
6770402d-9541-49ec-beeb-ba82e8b1c65d,fizzy.art,premium,291.2,83.3,high,low,5,namesilo,,,18/08/2026 06:03
672dd5cd-7d6b-4d95-8966-40eb15925a30,sixties.art,premium,291.2,83.3,high,low,7,namesilo,,,16/09/2026 12:11
3be1b03e-fc10-4477-8e8d-9719b6b496fa,threescore.art,available,3.19,23.99,medium,low,10,namesilo,,,
65969944-4620-494e-945d-d01a7ced3b5c,hawes.art,premium,65.41,72.65,medium,low,5,spaceship,,,29/09/2026 22:21
03a87a37-2e09-4eda-af52-63c615e11ca0,colleagues.art,premium,131.2,83.3,medium,low,10,namesilo,,,18/09/2026 23:15
d218e84f-d064-4992-bf4a-602dcc59ea15,pitching.art,premium,127.51,72.65,high,low,8,spaceship,,,30/09/2026 06:51
612612ce-de00-4add-9455-82dd0193047a,quaker.art,premium,282.76,72.65,high,low,6,spaceship,,,29/09/2026 20:05
86c8ae1b-9124-47e7-bb07-a95d7f746568,migratory.art,premium,62.48,83.3,medium,low,9,namesilo,,,24/08/2026 22:49
bce43910-a888-47ee-bc64-bb8b212fed1f,impacted.art,available,3.98,32.98,medium,low,8,namecheap,,,21/08/2026 21:36
a3c556b8-7944-419a-807e-6807b67722d0,toxins.art,premium,65.41,72.65,low,low,6,spaceship,,,30/09/2026 22:52
4b69dd03-fed0-4a87-b8ce-e86aec6e9c6a,impatience.art,premium,69.3,77,medium,low,10,dynadot,,,02/10/2026 15:48
3575ed47-a348-4431-899d-92099202cb7b,headless.art,premium,291.2,83.3,medium,low,8,namesilo,,,11/08/2026 01:43
dfcc3488-e4de-4138-82b8-4882b5e21eec,taps.art,premium,227.7,,high,low,4,unstoppable,,,29/09/2026 20:29
ef043f1d-fd72-406c-b7e8-2133b36be0d4,accomplish.art,premium,282.76,72.65,high,low,10,spaceship,,,28/09/2026 06:55
ade79351-0d8c-4af4-bbad-485c4c1cf347,murdoch.art,premium,,,medium,low,7,,,,28/09/2026 01:45
ba5fed5a-5b57-4cc3-bc83-97be553c280e,difficult.art,premium,291.2,83.3,high,low,9,namesilo,,,24/09/2026 08:14
a4e4c8ee-5b77-4baa-b14d-328891757808,positional.art,available,3.19,23.99,medium,low,10,namesilo,,,09/09/2026 00:06
9f8e05d5-434b-461f-b40b-68889ecaa97b,antido.art,available,3.19,23.99,medium,low,6,namesilo,,,19/09/2026 14:17
3159cde9-ed53-445d-a58a-7bad179485b5,shipping.art,premium,2500.2,83.3,high,low,8,unstoppable,,,02/10/2026 13:00
464d438e-1a86-4665-91c3-6a9758453e64,broadcasts.art,premium,282.76,72.65,medium,low,10,spaceship,,,01/10/2026 17:52
f56bf9cc-e0d4-49f9-8b24-513ccb6c2b2d,orient.art,premium,282.76,72.65,high,medium,6,spaceship,,,29/09/2026 12:08
67f67c55-e2fb-4b89-a22a-eeb0b091749d,applicator.art,premium,131.2,83.3,medium,low,10,namesilo,,,19/09/2026 21:55
3bb7cbe9-7dfb-4a62-b144-968eee65b5eb,mocked.art,available,3.98,32.98,medium,low,6,namecheap,,,02/10/2026 13:42
635f5756-cca8-47e4-8570-d049e324c353,bitty.art,premium,131.2,83.3,high,low,5,namesilo,,,10/08/2026 07:51
00a96f2d-f052-4134-8e2b-84e08cdb94ec,fury.art,premium,3450,83.3,high,low,4,namesilo,,,24/09/2026 21:41
7deed133-5d13-463e-a371-e8bbf2c375a3,griffith.art,premium,291.2,83.3,medium,low,8,namesilo,,,25/09/2026 04:33
ab4bfb8c-540d-4190-b2f3-c3abc6a6e18b,molecule.art,premium,227.7,,high,high,8,unstoppable,,,29/09/2026 11:59
b0924a40-00f8-437f-af8d-2e9897c51b65,invincibly.art,available,3.19,23.99,medium,low,10,namesilo,,,15/09/2026 09:08
a8a3e159-167a-4c05-bbad-eb59763c40c3,esperanza.art,premium,291.2,83.3,high,low,9,namesilo,,,30/09/2026 23:47
adc0c6be-b705-4799-af02-d80bf18bff1c,helpful.art,premium,291.2,83.3,high,low,7,namesilo,,,21/08/2026 06:37
a61da2b5-ca13-407e-8273-582d7563cbf9,venezuelan.art,premium,131.2,83.3,high,low,10,namesilo,,,13/09/2026 02:04
a22f5446-0934-4dfd-9fb0-195784c33d07,formalize.art,premium,65.41,72.65,high,low,9,spaceship,,,30/09/2026 19:58
3aef92eb-9551-481f-b275-718b261dac64,alcides.art,premium,41.3,83.3,medium,low,7,namesilo,,,18/09/2026 04:05
fab86a6b-fedb-4211-ad64-3e4a864ed114,singly.art,premium,131.2,83.3,medium,low,6,namesilo,,,15/09/2026 08:03
73fee165-337b-429a-ad7a-f255fd32ee75,heap.art,premium,291.2,83.3,high,low,4,namesilo,,,25/08/2026 00:28
ec309787-bde5-4129-903e-89b1b8a62d4f,valorous.art,premium,131.2,83.3,medium,low,8,namesilo,,,13/09/2026 00:57
44d86b00-8a3c-4bc7-b86d-3351631deb7f,wellington.art,premium,291.2,83.3,high,low,10,namesilo,,,20/09/2026 11:08
05c25919-3e37-4d35-9731-2cb4e46e82d3,bomb.art,premium,1552.7,72.65,high,low,4,spaceship,,,29/09/2026 03:18
2646a801-9c34-4c6a-833a-5f6bea4a86ba,knackered.art,available,3.19,23.99,medium,low,9,namesilo,,,22/08/2026 16:23
17d52a5d-15a5-4a77-abf2-07ff4703c4ac,quarrel.art,premium,127.51,72.65,medium,low,7,spaceship,,,28/09/2026 09:33
7a7d7e89-5084-4445-8618-86d4b9d932af,diverse.art,premium,291.2,83.3,high,low,7,namesilo,,,14/08/2026 13:39
937878aa-196d-419a-93b3-7212a49892e6,myotic.art,available,3.19,23.99,medium,low,6,namesilo,,,25/08/2026 01:02
877f4cdc-9079-4e69-8441-81a5ad0fc7ad,curves.art,premium,172.2,98,medium,low,6,namecheap,,,
b6471b6e-07cd-49ad-8ba2-0b6a34abdcb6,masterless.art,available,3.19,23.99,medium,low,10,namesilo,,,24/08/2026 09:55
50e90699-0754-4566-9d0a-80b89fd03fe9,antipodal.art,available,3.19,23.99,medium,low,9,namesilo,,,
9783a153-e790-492b-af00-d1d9af2e1b78,prospects.art,premium,291.2,83.3,medium,low,9,namesilo,,,29/09/2026 05:24
da847982-e175-4889-bd29-f7a83a92ac22,elongate.art,available,3.19,23.99,high,low,8,namesilo,,,16/08/2026 05:24
8888554c-26a7-4fa6-ba54-2ccd3540f4fd,firearms.art,premium,291.2,83.3,medium,low,8,namesilo,,,28/09/2026 22:59
f192a7f3-428d-4671-b376-b6276984c0a9,dionysius.art,premium,131.2,83.3,medium,low,9,namesilo,,,29/09/2026 06:39
ac5cf32e-9ea6-44c4-98ca-6dcf506b4ba4,curtain.art,premium,1662.5,83.3,high,low,7,namesilo,,,29/09/2026 13:08
7092dd42-33ac-4492-9db1-c88e10e2ba5e,masculinity.art,premium,20.65,83.3,medium,low,11,namesilo,,,02/10/2026 01:23
7c67ded2-d145-4229-932c-6da6950614c4,static.art,premium,291.2,83.3,high,low,6,namesilo,,,16/08/2026 02:42
1a82ee38-2a81-4519-b116-ef6570105669,wriggling.art,available,3.19,23.99,medium,low,9,namesilo,,,13/09/2026 13:41
01bb10c1-38a7-4e83-9a1c-d7f59c6263b9,wheels.art,premium,3450,83.3,high,low,6,namesilo,,,17/09/2026 12:21
cc2626ef-9f0b-4e50-bb0c-8b76c4ef6a48,lumber.art,premium,291.2,83.3,high,low,6,namesilo,,,22/09/2026 10:02
0c15e14b-9ffb-4b89-a228-ce9744851e41,bigram.art,available,3.19,23.99,medium,low,6,namesilo,,,23/09/2026 15:24
6a3901f3-c47d-4cc8-ac2c-bfb2c8838364,kerensky.art,premium,41.3,83.3,high,low,8,namesilo,,,18/09/2026 05:02
08df2d50-a3aa-4007-9ef9-faeb2a750474,timeworn.art,available,3.19,23.99,medium,low,8,namesilo,,,08/08/2026 11:14
2f595be4-e3d8-441e-b48f-6809864c22a1,paine.art,premium,131.2,83.3,medium,low,5,namesilo,,,29/09/2026 13:38
c6f405df-a892-48fd-8996-4385719411bd,amiably.art,available,3.98,32.98,medium,low,7,namecheap,,,13/09/2026 17:50
7dd822ef-869e-4cbb-834d-6a854cd2ce3c,frayed.art,premium,291.2,83.3,medium,low,6,namesilo,,,18/08/2026 14:25
630f0afb-b9c1-4c52-a07e-7d59a8d9ba38,defamation.art,premium,131.2,83.3,high,low,10,namesilo,,,02/10/2026 14:32
5130ce6e-99c9-4d81-bdbf-8d6b35f1b24b,wolves.art,premium,291.2,83.3,medium,low,6,namesilo,,,28/09/2026 04:21
e0f6a7c5-b998-4a7b-9483-1280bbd861ce,shall.art,premium,291.2,83.3,high,low,5,namesilo,,,03/10/2026 04:51
141967bb-16b5-4948-8e59-4ff7f01411fb,simulation.art,premium,348.17,76.94,high,low,10,porkbun,,,01/10/2026 18:52
ddcd2c19-c65e-4ea9-94b5-4b75a16c33cd,liaoning.art,premium,227.7,,medium,low,8,unstoppable,,,30/09/2026 13:11
e8dbbf13-9ab5-46f3-aa6f-3762cf0060a6,starting.art,premium,159.9,91,high,low,8,namecheap,,,28/09/2026 00:44
f3b40410-7d6c-4fa0-a693-acf3e5c9d6cd,credulous.art,available,3.19,23.99,medium,low,9,namesilo,,,13/08/2026 05:56
7f508b18-da63-40d5-bb7b-8788d3cae748,annoying.art,premium,354.9,91,high,low,8,namecheap,,,22/09/2026 05:19
c4d128be-673f-427a-9494-3278eead1856,corrupt.art,premium,291.2,83.3,high,low,7,namesilo,,,23/09/2026 23:53
e1e1d1e5-d842-4c07-8464-c7da90b7011e,wolverine.art,premium,291.2,83.3,high,low,9,namesilo,,,24/09/2026 12:48
9e446ba0-24dc-40c5-b2f9-9fe56643b1bd,chap.art,premium,291.2,83.3,medium,low,4,namesilo,,,24/09/2026 06:13
1c18d3c7-f3a6-40ce-a0c9-f0d06bff714e,kenaf.art,premium,62.48,83.3,medium,low,5,namesilo,,,23/09/2026 16:55
01a7272c-09ee-4bf8-9fe5-0b69e1feea1b,tumultuous.art,available,3.19,23.99,medium,low,10,namesilo,,,14/08/2026 12:25
35a4f309-7edc-46e8-b61e-a01028719129,aculeus.art,available,3.19,23.99,medium,low,7,namesilo,,,17/09/2026 05:33
4ebdde6c-1e15-4fca-8801-966f6c44e048,winnings.art,premium,227.7,,high,low,8,unstoppable,,,30/09/2026 11:20
8f74b843-bcf5-4f8b-993f-42c6a72882c2,shade.art,premium,282.76,72.65,high,low,5,spaceship,,,28/09/2026 02:00
ad03568c-d338-4f87-a618-7f8a0b7b0f46,bribable.art,available,3.19,23.99,low,low,8,namesilo,,,11/08/2026 03:42
44f14d08-a681-400a-b889-87d2ecc9f075,prettily.art,available,3.98,32.98,medium,low,8,namecheap,,,15/09/2026 21:22
cf434169-2b45-46eb-9979-9edcdc074d81,irreversible.art,premium,27.3,91,medium,low,12,namecheap,,,01/10/2026 14:30
6f6ae54e-a9e2-4a13-a171-fc9cddd091ce,nicolaus.art,premium,127.51,72.65,medium,low,8,spaceship,,,02/10/2026 10:17
dcda0d4f-1930-4ecc-88fe-4bf8cdb4cff0,mayo.art,premium,291.2,83.3,high,low,4,namesilo,,,30/09/2026 10:34
0818cede-d8df-40c0-89fd-fbd5cad591b4,nikolai.art,premium,300.3,77,high,low,7,dynadot,,,27/09/2026 20:11
f5bb53c2-02c3-4547-bd6a-d42e10b503ae,prayerful.art,available,3.19,23.99,high,medium,9,namesilo,,,09/09/2026 01:05
05b6c3b7-0eeb-4df7-9f08-92d433c5e820,synonym.art,resell,,,high,low,7,,,,03/10/2026 00:41
71cb8858-256b-4858-b4b0-b68012a00af8,autoerotic.art,premium,78.75,87.5,medium,low,10,name.com,,,07/08/2026 20:01
b7574b33-0541-4370-ac5f-aa2f206f91eb,amendment.art,premium,354.9,91,high,low,9,namecheap,,,18/09/2026 18:38
22a59323-dce3-408c-a7fa-91d588536b39,orbiter.art,premium,291.2,83.3,high,low,7,namesilo,,,09/09/2026 21:35
8337eaef-1987-429b-9768-87b85dc19dc9,argentic.art,available,,,medium,low,8,,,,
3049ed46-4672-41ff-bcdb-22f54ddc48df,ano.art,premium,354.9,91,high,low,3,namecheap,,,16/09/2026 18:45
e27ce0de-7986-4615-9e9e-6aab6445694f,straits.art,premium,348.17,76.94,medium,low,7,porkbun,,,30/09/2026 02:57
fb82efb4-be2a-4951-8081-a4897cee0b0b,flipping.art,premium,159.9,91,high,low,8,namecheap,,,17/09/2026 18:25
abbdb0c6-aa3d-4e71-a723-14967e72f905,marcellus.art,premium,156.98,76.94,medium,low,9,porkbun,,,29/09/2026 15:33
6499cf73-0d67-4698-bedc-c1fa2ac65c62,africana.art,premium,291.2,83.3,medium,low,8,namesilo,,,02/10/2026 14:02
2264f239-710e-4ec8-a968-9cf51ec8953a,stature.art,premium,131.2,83.3,high,low,7,namesilo,,,29/09/2026 08:08
f4b1e969-f459-432e-a07a-5948b6d9448d,abrasive.art,premium,291.2,83.3,high,low,8,namesilo,,,
d85909be-4668-46f0-958b-b1468b9524f7,stanislav.art,premium,227.7,,medium,low,9,unstoppable,,,03/10/2026 04:49
b02e4fb5-780d-4198-996e-918e54317da1,circus.art,premium,3105.2,72.65,high,low,6,spaceship,,,29/09/2026 09:23
4d43bf70-d51b-42f8-9315-29b49517e939,holyoke.art,premium,65.41,72.65,medium,low,7,spaceship,,,28/09/2026 08:11
4946a8d4-5785-432c-964f-5d4dd2d8cfde,squawky.art,available,3.19,23.99,low,low,7,namesilo,,,11/08/2026 12:26
e1b77f6e-f2ee-4808-ade6-5aa1b5215ec0,blades.art,premium,135.3,77,high,low,6,dynadot,,,02/10/2026 06:19
0aace218-f5e2-403a-903c-398bd5c5e40c,septuple.art,premium,62.48,83.3,medium,low,8,namesilo,,,10/09/2026 04:23
c05de3f2-fada-4dd7-bb41-a26db8622c30,scads.art,premium,291.2,83.3,high,low,5,namesilo,,,14/09/2026 23:36
803208a7-6d2a-4b1a-ae92-90a07dbd915e,neaten.art,available,3.19,23.99,medium,low,6,namesilo,,,11/09/2026 15:42
312a4660-edc9-49bd-8dcf-e1287e404411,beastly.art,premium,291.2,83.3,medium,low,7,namesilo,,,09/08/2026 04:54
63ab4fc1-878e-40cb-95b7-f7f8870404cf,bind.art,premium,354.9,91,high,low,4,namecheap,,,22/09/2026 00:54
8c124741-bf87-4bca-910f-62dd02db88b6,lest.art,premium,282.76,72.65,medium,low,4,spaceship,,,03/10/2026 02:41
e73e789e-dbb0-45ca-a788-3e7587fcce32,crevice.art,premium,62.48,83.3,high,low,7,namesilo,,,13/08/2026 04:16
89b0fa2d-243d-4c6d-a0fe-0830d2fd9aa5,convinced.art,premium,131.2,83.3,high,low,9,namesilo,,,01/10/2026 19:46
c7c79330-c4cc-41a8-8b8e-869647f6c220,proceed.art,premium,127.51,72.65,high,low,7,spaceship,,,30/09/2026 17:54
ae56ef77-746b-49de-a714-3b8d51faacc9,psc.art,premium,354.9,91,high,low,3,namecheap,,,29/09/2026 22:26
cee2c92e-1a72-4416-852a-f47dcd5db989,whereas.art,premium,127.51,72.65,high,low,7,spaceship,,,01/10/2026 00:02
3179a1d8-e565-4d6e-9fe7-13c3dabb4548,granny.art,premium,159.9,91,high,low,6,namecheap,,,29/09/2026 21:16
a0269399-2dc8-41ac-8ca7-5fb1631bbc1f,maris.art,premium,102.7,,high,low,5,unstoppable,,,30/09/2026 05:12
7f5cb3a2-9796-40f4-bc65-2c1f376b4182,bulls.art,premium,282.76,72.65,high,low,5,spaceship,,,28/09/2026 07:33
34afd01f-e01c-48b5-b8a7-7092f171ea5f,bolted.art,premium,65.41,72.65,medium,low,6,spaceship,,,01/10/2026 16:08
42ac161f-31c5-4538-b11b-e9825b3d117d,uri.art,premium,300.3,77,high,low,3,dynadot,,,28/09/2026 21:32
1eaa968b-9939-49d0-8799-9ede5ff69c62,gap.art,premium,291.2,83.3,high,high,3,namesilo,,,04/09/2026 16:17
1ef33a5d-cea0-4928-b07b-8d4aee3418ef,antiquated.art,available,3.19,23.99,medium,low,10,namesilo,,,
6c1236ab-a2dd-4e35-91a1-ea11521170ed,competitors.art,premium,26.96,76.94,medium,low,11,porkbun,,,29/09/2026 11:34
b597b848-137d-4ba8-8d13-a843bb89b366,laggard.art,available,3.19,23.99,medium,low,7,namesilo,,,14/08/2026 07:32
20442c3c-1eb0-4844-ab88-26e91f6d0f0f,selma.art,premium,291.2,83.3,high,low,5,namesilo,,,28/09/2026 03:04
89e4ba92-9b1d-4690-8b9b-f571d048106a,minerva.art,premium,282.76,72.65,high,medium,7,spaceship,,,30/09/2026 18:03
e2a9d114-d82f-4eb3-a652-90ce48a32405,divergent.art,premium,291.2,83.3,high,low,9,namesilo,,,14/08/2026 13:35
8683822f-4f44-45f5-8306-f93a133fedc8,reviewed.art,premium,156.98,76.94,medium,low,8,porkbun,,,29/09/2026 05:52
68bf0ef1-8cc5-4b73-a103-97abf08b6ae3,cuny.art,premium,227.7,,medium,low,4,unstoppable,,,01/10/2026 06:47
9bc2b596-79e1-4fce-be46-9f30f21a876a,ferment.art,premium,291.2,83.3,high,medium,7,namesilo,,,10/09/2026 14:45
00ca8bba-299f-41c3-a18c-ac5ff84dfa65,bolivian.art,premium,62.48,83.3,high,low,8,namesilo,,,10/08/2026 17:46
c0e08744-e673-4782-93df-33713058ef56,adopted.art,premium,291.2,83.3,high,low,7,namesilo,,,
9c73bc04-724f-4993-903e-e6c31c4983f6,arabella.art,premium,348.17,76.94,medium,low,8,porkbun,,,01/10/2026 08:14
cd6b95fe-74e7-4d7e-8ef9-5196e01a5e6b,narrated.art,premium,131.2,83.3,medium,low,8,namesilo,,,02/10/2026 13:47
1d6e8acb-961a-415f-a5b9-f927d45b7941,cleanly.art,premium,62.48,83.3,high,low,7,namesilo,,,12/08/2026 10:21
62e047a2-38ac-41d0-a17c-fb9919bdd5dc,contamination.art,premium,17.7,,medium,low,13,unstoppable,,,29/09/2026 22:52
f6ba3c5d-89cf-4b42-bce9-81552a53185e,vivian.art,premium,291.2,83.3,high,low,6,namesilo,,,28/09/2026 03:58
06b3e573-e097-44d7-9a9b-a3efe8c09980,differing.art,premium,102.7,,high,low,9,unstoppable,,,02/10/2026 18:04
8cd146e6-aa80-4fec-9ab1-ac95dc1b09fa,galesburg.art,premium,52.7,,medium,low,9,unstoppable,,,02/10/2026 10:31
351810be-dc18-43ea-a8a0-ccd1c1af785b,cabs.art,premium,131.2,83.3,medium,low,4,namesilo,,,02/10/2026 03:57
403899b2-c3ce-48ba-9fab-f936d29ebbf5,scope.art,premium,291.2,83.3,high,low,5,namesilo,,,18/09/2026 16:44
ec755eac-c76f-4fd6-91de-689ae39c3bb8,eternally.art,premium,131.2,83.3,high,low,9,namesilo,,,14/09/2026 16:17
cb566958-f876-42d3-8858-5b0f52351c42,disappears.art,available,4.5,,low,low,10,unstoppable,,,28/09/2026 13:25
5a64deda-0e8e-47fa-b7a8-be741cfb09b6,gsa.art,premium,291.2,83.3,high,low,3,namesilo,,,29/09/2026 07:03
9e0268f9-f19a-40f0-9313-177f3dd6cd2d,brigade.art,premium,341.25,87.5,high,low,7,name.com,,,24/09/2026 10:19
b1d2554f-fccd-4e7d-a20e-a989c627d734,aphesis.art,available,3.19,23.99,medium,low,7,namesilo,,,19/09/2026 16:55
3e051214-85d0-4e82-90b8-2e788e15a056,silla.art,premium,282.76,72.65,medium,low,5,spaceship,,,30/09/2026 21:36
4113679e-8e03-4fb2-ae04-e1e9851f0155,framework.art,premium,3450,83.3,high,low,9,namesilo,,,25/08/2026 02:30
93b8e43b-5022-4089-85e6-e89c8bd2098d,exception.art,premium,227.7,83.3,high,low,9,unstoppable,,,29/09/2026 18:20
4cd5b82a-86fb-4d20-a426-84982cfc40f7,nuthin.art,available,4.5,23.99,medium,low,6,unstoppable,,,02/10/2026 04:51
8b701a05-750d-4306-9f77-dec38a84c29a,verb.art,premium,102.7,83.3,high,low,4,unstoppable,,,30/09/2026 14:26
bdeba57d-4c65-4bfd-a26a-3eccead2f460,pellets.art,premium,80.49,76.94,medium,low,7,porkbun,,,02/10/2026 21:59
da60175c-e8ab-4a39-9925-4bd2a1f4b4ec,completing.art,available,3.19,23.99,high,low,10,namesilo,,,23/09/2026 17:20
0e717c9c-ac1c-4013-b58b-3b429fdb8316,unearthly.art,premium,131.2,83.3,medium,low,9,namesilo,,,16/08/2026 02:28
ac7ecf0f-a553-4025-a698-a917eef4a93c,fairmont.art,premium,291.2,83.3,high,medium,8,namesilo,,,29/09/2026 04:01
6825a8ea-5ef8-4539-a97a-79c6cb462f51,freud.art,premium,291.2,83.3,medium,low,5,namesilo,,,28/09/2026 09:49
e95a65cc-4533-4f0c-9d34-33181ae08253,implication.art,premium,20.65,83.3,medium,low,11,namesilo,,,29/09/2026 22:52
e7c93594-7fec-485c-be1a-986b1a0bd498,kettle.art,premium,282.76,72.65,medium,low,6,spaceship,,,28/09/2026 19:37
a206af36-099a-47ce-9041-98ccc9b8f83f,knotty.art,premium,131.2,83.3,medium,low,6,namesilo,,,08/08/2026 08:12
5732ac10-f05f-4120-8f6e-761e3cb5c7f0,dogtooth.art,premium,131.2,83.3,medium,low,8,namesilo,,,11/08/2026 17:01
d9780483-de91-4c06-bc02-5b46b10ab4af,subclavian.art,available,3.19,23.99,medium,low,10,namesilo,,,10/09/2026 23:40
7a24c667-f327-4a8a-9395-c0d8f1c43a2b,baring.art,premium,291.2,83.3,medium,low,6,namesilo,,,22/09/2026 06:03
d7d840ba-142c-4ed5-ac84-dfcfe11d7e75,yeast.art,premium,291.2,83.3,high,low,5,namesilo,,,22/09/2026 06:34
6777dcc9-260c-4f13-8a14-c94e9c99e9ea,middleton.art,premium,354.9,91,high,low,9,namecheap,,,25/09/2026 09:23
b2633f1f-6413-48ee-9789-87e1605fbca0,indwelling.art,premium,62.48,83.3,medium,low,10,namesilo,,,22/08/2026 03:37
6f93db44-2c87-44c8-b7ae-b9e68d92e0b9,rays.art,premium,62.48,83.3,high,medium,4,namesilo,,,28/09/2026 13:03
ae27954e-83a1-45b1-a907-6fd5583b173a,loon.art,premium,291.2,83.3,high,low,4,namesilo,,,17/09/2026 07:03
b47f7bfb-2976-44d3-877a-97d789b7b3c7,fraudulent.art,premium,78.75,87.5,medium,low,10,name.com,,,13/08/2026 21:10
1863790c-bcc8-416c-99e1-d9a31b30233f,acl.art,premium,282.76,72.65,high,low,3,spaceship,,,29/09/2026 03:18
e06d0e4c-b20b-4327-9459-a1c5e9cac44c,rink.art,premium,282.76,72.65,high,low,4,spaceship,,,01/10/2026 03:34
82096b2b-53f0-4f19-a57b-8b16e5dc660a,ymca.art,premium,348.17,76.94,high,low,4,porkbun,,,01/10/2026 22:15
12cb78a4-67ce-45f0-b0a8-14058520b680,balinese.art,premium,131.2,83.3,high,low,8,namesilo,,,21/09/2026 22:03
96488a5a-8b82-4233-8fa5-3f2556846db6,dotcom.art,premium,291.2,83.3,high,low,7,namesilo,,,14/08/2026 16:26
25265828-c758-4918-8662-ec0680ed19b1,sold.art,premium,3105.2,72.65,high,low,4,spaceship,,,27/09/2026 23:38
e7faf26b-a0f7-4b86-85fb-589ae9dcb144,oaten.art,premium,62.48,83.3,medium,low,5,namesilo,,,03/09/2026 23:28
1d4ded41-14bd-4344-a65b-e92e60d53121,landlocked.art,premium,153.75,87.5,medium,low,10,name.com,,,22/08/2026 19:26
02ba86ca-e522-4b66-b345-7e661aa083df,soaker.art,available,3.19,23.99,medium,low,6,namesilo,,,
95b44cf5-f249-4b61-8bdc-efe186a879c3,miki.art,premium,291.2,83.3,high,low,4,namesilo,,,02/10/2026 04:00
e271e919-1246-4513-ad86-04356632c949,prof.art,premium,1250.2,,high,low,4,unstoppable,,,28/09/2026 20:15
ee2705a5-3d62-44bb-a793-41b94bd024dc,emboss.art,premium,291.2,83.3,high,low,6,namesilo,,,10/08/2026 20:42
0c343458-01bb-4cac-a3ce-eb77d782decf,renewed.art,premium,291.2,83.3,high,low,7,namesilo,,,09/09/2026 14:04
66f6f186-9771-4987-8eb9-d2b3c0f74115,narcotic.art,premium,291.2,83.3,medium,low,8,namesilo,,,03/09/2026 13:12
03fd2c86-1478-449f-834a-fc3d83f3c888,represent.art,premium,300.3,77,high,low,9,dynadot,,,30/09/2026 11:45
169c2395-18f0-4c05-87bb-4a7828561bc8,adeptness.art,available,3.49,20.9,high,low,9,spaceship,,,01/10/2026 17:12
74b319a0-cdfc-43e8-9331-6e2b1b84e63e,moorhead.art,premium,69.3,77,medium,low,8,dynadot,,,30/09/2026 05:19
04a66dd1-c713-41d1-b445-a562aa6f7a9a,beery.art,premium,131.2,83.3,medium,low,5,namesilo,,,09/08/2026 08:12
d4fd0e89-2e07-4fa9-b565-5cba8591c951,nylon.art,premium,282.76,72.65,high,low,5,spaceship,,,30/09/2026 10:38
8fa31ea4-05f6-4b4c-9d72-6e102e93e771,ware.art,premium,282.76,72.65,high,low,4,spaceship,,,29/09/2026 19:40
f481d1f6-e2dc-40b9-aecd-875e4b9f1008,crumbling.art,premium,43.67,72.65,medium,low,9,spaceship,,,03/10/2026 03:03
80d26430-f3e5-452a-b258-4dd7532d294d,oviparous.art,available,3.19,23.99,medium,low,9,namesilo,,,04/09/2026 22:09
8a1fcf60-d121-43ea-9f2d-34057bb31571,problem.art,premium,291.2,83.3,high,low,7,namesilo,,,30/09/2026 07:28
9fa98981-75af-4aaa-b2e2-cfb1067eea37,five.art,premium,3450,83.3,high,low,4,namesilo,,,
eced53b6-c922-4a48-89bb-10dbdd8e8252,nineties.art,premium,291.2,83.3,medium,low,8,namesilo,,,16/09/2026 12:01
1be46306-aa86-4ef5-882f-2cc851da9e54,majestic.art,premium,291.2,83.3,high,low,8,namesilo,,,25/09/2026 16:12
18936a9a-72fd-48e2-a3dd-868918154a7d,testy.art,premium,291.2,83.3,medium,low,5,namesilo,,,22/08/2026 10:29
8d8a3ad6-9693-40ba-b38f-e4025b322939,abashed.art,available,3.19,23.99,medium,low,7,namesilo,,,
af87347e-268d-4710-9d63-cb4e2830cbc3,homebody.art,premium,159.9,91,medium,low,8,namecheap,,,10/09/2026 19:28
bfdf81ff-2ed8-40f4-a988-a9fd4bd82fcf,courses.art,premium,3900,91,high,low,7,namecheap,,,
ee72f1a0-401c-4189-b0e2-5e8fff8c9585,busts.art,premium,354.9,91,high,low,5,namecheap,,,02/10/2026 12:21
72dbb056-e4a2-4404-b111-1a8db026d7dc,pajamas.art,premium,227.7,,high,low,7,unstoppable,,,02/10/2026 21:16
3e1ca6eb-1faf-4492-8bd3-64d7136f369c,enmity.art,premium,131.2,83.3,medium,low,6,namesilo,,,19/09/2026 12:26
3ef28d08-f094-4ead-9e47-f8b494206232,cracow.art,premium,127.51,72.65,high,low,6,spaceship,,,02/10/2026 04:29
1c6bcf0b-dfb7-46dc-a268-d698006c1c54,configured.art,premium,291.2,83.3,high,low,10,namesilo,,,12/08/2026 20:47
87e121ac-b59f-4d55-895e-31eacc696271,tutorial.art,premium,354.9,91,high,low,8,namecheap,,,11/09/2026 21:31
ba16b383-ea9b-41c6-914b-e8d5eddec1ef,pacifier.art,premium,131.2,83.3,high,low,8,namesilo,,,21/09/2026 13:07
575d8a58-83b4-40e9-abc7-8e44b6c75daf,avulsion.art,premium,62.48,83.3,medium,low,8,namesilo,,,21/09/2026 09:54
fe48b4b8-6a77-4300-ab82-fd9dac20526f,outlying.art,available,4.5,,high,low,8,unstoppable,,,02/10/2026 06:58
a0f3065b-7f61-422e-96e6-ea01dea4cdda,happens.art,premium,52.5,,medium,low,7,name.com,,,
13e12b75-d97a-4733-b28a-b164f9aaeda0,cruelty.art,premium,354.9,91,medium,low,7,namecheap,,,24/09/2026 19:49
79076255-8399-4a82-b58f-fa8ac981aed1,wishing.art,premium,291.2,83.3,high,low,7,namesilo,,,30/09/2026 14:46
8f64e099-9581-4cef-a391-1a933300ce0c,detection.art,premium,291.2,83.3,high,low,9,namesilo,,,29/09/2026 14:13
ba11fd98-2a58-4f73-8475-ca0b0e7c8c88,violinist.art,premium,127.51,72.65,high,low,9,spaceship,,,01/10/2026 02:03
4d68329b-8a15-4cca-b885-a7a4b7f71077,aragon.art,premium,291.2,83.3,medium,low,6,namesilo,,,19/09/2026 23:42
20d8849c-f088-4c38-90b7-21c36f959a52,strain.art,premium,291.2,83.3,medium,low,6,namesilo,,,29/09/2026 22:58
dfb539f4-21d4-4d1c-829e-f519a17d4b7a,balmoral.art,premium,131.2,83.3,high,low,8,namesilo,,,21/09/2026 23:39
66032f99-9727-441e-b5ca-df0438d02e9d,jural.art,available,3.19,23.99,medium,low,5,namesilo,,,22/08/2026 14:34
92be8165-068a-4472-a18c-a813fa8d65dd,aetna.art,premium,131.2,83.3,high,low,5,namesilo,,,30/09/2026 21:49
8a161df8-b51b-4dc2-b55b-307d6f1f4197,tier.art,premium,354.9,91,high,low,4,namecheap,,,30/09/2026 11:11
5fa17f5c-9508-49fd-b595-ac24aa30b6b4,buttery.art,premium,81.9,91,medium,low,7,namecheap,,,19/09/2026 18:30
e7ee0a4a-a292-491a-ad4a-e3806551f852,scioto.art,premium,62.48,83.3,medium,low,6,namesilo,,,02/10/2026 10:27
3506ec67-1613-496b-af6e-8a82b693e8da,bucks.art,premium,131.2,83.3,high,low,5,namesilo,,,25/09/2026 13:26
a30bf8c7-afbc-4e5f-b6c4-0f0990df97b9,unbacked.art,available,3.19,23.99,high,medium,8,namesilo,,,10/09/2026 08:27
e036778f-e71a-407b-8929-ff4dfdbf3b23,overcome.art,premium,291.2,83.3,high,low,8,namesilo,,,28/09/2026 05:30
85989b43-e6ec-4b22-a814-67fc443f33dc,concepcion.art,premium,135.3,77,high,low,10,dynadot,,,02/10/2026 04:26
0bfb0745-0942-4700-bfa6-ffe36c2c3c35,aesthetics.art,premium,354.9,91,high,low,10,namecheap,,,17/09/2026 13:37
3483a930-fd21-4bb3-9cdc-14fc42b6db74,faecal.art,available,3.19,23.99,medium,low,6,namesilo,,,17/08/2026 20:36
088d3151-2118-4420-bf21-e1d2a225e6cf,urge.art,premium,354.9,91,high,low,4,namecheap,,,28/09/2026 19:09
c975293a-3c83-41e6-8280-37e4e9b219aa,excluding.art,available,4.5,,medium,low,9,unstoppable,,,30/09/2026 03:59
ef067d6b-c092-42cb-9851-2fde5917dad7,aus.art,premium,282.76,72.65,high,low,3,spaceship,,,27/09/2026 18:53
9536a895-6ce5-4113-8049-feaa2433151b,volary.art,premium,41.3,83.3,medium,low,6,namesilo,,,21/09/2026 09:24
f814ddd6-c677-48f6-9195-d795c5a15e50,dumbstruck.art,premium,78.75,87.5,medium,low,10,name.com,,,14/08/2026 21:06
e4bfeea5-6f3e-4cf2-8996-08aa15aef0e1,lysogenic.art,available,3.19,23.99,medium,low,9,namesilo,,,24/08/2026 12:42
3fd6ce5f-a819-4110-ab3d-3a1007875dfa,evaporated.art,available,3.19,23.99,medium,low,10,namesilo,,,17/08/2026 14:45
d3f0e790-9a9a-46ff-af8c-07d7ffcb5ac5,rations.art,premium,62.48,83.3,medium,low,7,namesilo,,,30/09/2026 06:27
fe110d2a-dda0-4b49-8d79-137467cd4d84,suez.art,premium,291.2,83.3,medium,low,4,namesilo,,,02/10/2026 16:52
c59ba810-b26d-4ce3-aa7c-1b12aee5ee35,barnstable.art,premium,65.41,72.65,medium,low,10,spaceship,,,01/10/2026 11:53
e31d9f2e-4e2d-485b-8121-5870532e8f13,huntington.art,premium,291.2,83.3,high,low,10,namesilo,,,25/09/2026 04:18
80d6cf39-b81b-4f7f-9a1a-757ac88b05a2,supersize.art,premium,102.7,83.3,high,low,9,unstoppable,,,01/10/2026 23:38
862a35fb-63d8-497e-9a8e-3780e0f2607f,clements.art,premium,69.3,77,high,low,8,dynadot,,,30/09/2026 13:46
eb73c5df-f429-4c0a-a8cb-14cdc949130c,tempted.art,premium,354.9,91,medium,low,7,namecheap,,,29/09/2026 16:59
c8492402-d6ce-45ed-aab0-c2e02c1a59ba,bronzed.art,premium,291.2,83.3,medium,low,7,namesilo,,,11/08/2026 05:43
9259a050-2105-41c1-83cc-d6c2c904b867,kamikaze.art,premium,282.76,72.65,medium,low,8,spaceship,,,30/09/2026 01:08
4d843db9-7b0b-4a5f-8570-91de80d34312,jocund.art,premium,62.48,83.3,medium,low,6,namesilo,,,22/08/2026 13:40
98037813-f5cb-400a-ae0e-61c1746d3862,stomachic.art,available,3.19,23.99,medium,low,9,namesilo,,,18/08/2026 20:37
9afda5ac-bada-4c53-a3a9-983f96e93a91,eminence.art,premium,227.7,,high,low,8,unstoppable,,,02/10/2026 14:59
e4b5e210-5380-4766-ae77-158474ee1ad1,scar.art,premium,1662.5,83.3,high,low,4,namesilo,,,24/09/2026 15:00
426103ab-03ee-4246-b76f-d2e6f2a15860,tom.art,premium,3105.2,72.65,high,medium,3,spaceship,,,28/09/2026 20:41
b95b26aa-2207-4f19-acf5-8ca8f389db46,senate.art,premium,291.2,83.3,medium,low,6,namesilo,,,28/09/2026 10:53
d6acade2-8e27-43b3-83a9-b078c360b3cb,tilefish.art,available,3.19,23.99,medium,low,8,namesilo,,,24/09/2026 04:04
96e5e3bd-1202-4874-826f-ca9c544dba67,frustrated.art,premium,131.2,83.3,medium,low,10,namesilo,,,24/09/2026 10:57
f21e6c7d-daaa-49a6-9255-5fefa907d2c0,crowe.art,premium,291.2,83.3,medium,low,5,namesilo,,,28/09/2026 12:13
61936100-c414-4085-9d37-34ba5338f560,courteous.art,available,3.19,23.99,high,low,9,namesilo,,,24/09/2026 00:40
94a035e0-1ff0-447d-bae7-ce411fa1671c,regression.art,premium,291.2,83.3,high,low,10,namesilo,,,20/09/2026 09:08
14c6891a-8382-4345-9f73-7a170d748339,anglesea.art,premium,131.2,83.3,medium,low,8,namesilo,,,19/09/2026 06:27
35040da8-0e96-40ec-9f5a-260bd094c4ea,slim.art,premium,3105.2,72.65,high,low,4,spaceship,,,27/09/2026 22:35
1cdaad7c-7f51-4645-b261-be30a9044847,humor.art,premium,354.9,91,high,low,5,namecheap,,,24/09/2026 06:28
ef76cb9d-fe61-4931-a36e-823c0f19fa7a,unlikable.art,available,3.19,23.99,medium,low,9,namesilo,,,12/09/2026 00:58
f6aaec5f-ea24-4887-9d80-61cfca28ce64,salivary.art,premium,81.9,91,high,medium,8,namecheap,,,09/09/2026 20:55
3b332849-e063-4532-bae2-04b6eace6ee3,junkyard.art,premium,282.76,72.65,high,low,8,spaceship,,,02/10/2026 15:52
cc223c1b-3a9a-4ecd-8457-25e1f0b1200a,thus.art,premium,300.3,77,high,low,4,dynadot,,,28/09/2026 15:12
f850b46a-d85e-4698-bcdf-203b126d6a05,blazer.art,premium,291.2,83.3,high,low,6,namesilo,,,24/09/2026 05:03
0cbf06b7-418a-4d9a-84d3-07d789cf4dca,emmy.art,premium,282.76,72.65,high,low,4,spaceship,,,29/09/2026 06:46
e336b86c-e72c-465f-ba10-00fcbef1e592,burbly.art,available,3.19,23.99,medium,low,6,namesilo,,,11/08/2026 10:14
e0f1e19f-4c85-4dfd-b154-ca124f978804,faced.art,premium,52.5,87.5,high,low,5,name.com,,,17/08/2026 20:20
5aa8ac29-bb02-4102-a8d9-8dcfea8f24f5,commencing.art,available,3.19,23.99,medium,low,10,namesilo,,,30/09/2026 06:14
3e6ef3a6-15da-451f-a12d-bda64a8ff413,conjecture.art,premium,62.48,83.3,high,low,10,namesilo,,,24/09/2026 17:17
cc5066a7-6188-41b4-8b9c-8d7ed81fa4bf,lusaka.art,premium,81.9,91,medium,low,6,namecheap,,,24/09/2026 12:35
a7a6b967-11dd-49dd-a354-7937cd9212fd,beefcake.art,premium,131.2,83.3,medium,low,8,namesilo,,,23/09/2026 01:06
1bcbec33-5e99-4abc-9d38-627315bf36f7,gratefully.art,available,3.98,32.98,medium,low,10,namecheap,,,13/09/2026 20:28
490152aa-3ccb-43ca-8417-dfa6227be7b8,better.art,premium,3900,91,high,medium,6,namecheap,,,22/09/2026 20:11
37f60c6f-4281-4acb-9303-dbcc9c0cd803,dancing.art,premium,291.2,83.3,high,low,7,namesilo,,,25/09/2026 04:44
bd25d1a9-1699-4c4c-a1a1-a6d727276c0f,stab.art,premium,,,high,low,4,,,,28/09/2026 02:12
656c58bc-e26a-48af-a46e-8c35b341bd52,herbicide.art,premium,131.2,83.3,medium,low,9,namesilo,,,30/09/2026 17:35
e620b2a8-5aef-4cdd-a507-e746d44fcc3e,hypothermia.art,premium,20.65,83.3,medium,low,11,namesilo,,,02/10/2026 21:51
5ebc0b97-cbe2-4cf1-8da2-e2fe48b7cce4,doorman.art,premium,159.9,91,high,low,7,namecheap,,,01/10/2026 01:48
2475b310-3697-48a5-91f4-e884e9cc86fa,aglet.art,available,3.98,32.98,medium,low,5,namecheap,,,17/09/2026 18:21
49bd736a-69ab-4d7a-9b1d-a48972c148ca,stains.art,premium,65.41,72.65,high,low,6,spaceship,,,29/09/2026 22:47
3ebdeba2-9c78-469a-a40b-99bd833c3af5,mousy.art,premium,62.48,83.3,medium,low,5,namesilo,,,25/08/2026 08:42
40cee776-a4b0-4265-a1fa-e24666f0e10d,untethered.art,premium,81.9,91,medium,low,10,namecheap,,,25/09/2026 15:05
ae9b3bcb-dbec-4c6d-a5a1-cd38c4fc7dfa,uninspired.art,available,3.19,23.99,high,low,10,namesilo,,,12/09/2026 13:05
5a8b18a7-60d1-46ad-b119-43b39f392850,propranolol.art,available,3.19,23.99,medium,low,11,namesilo,,,20/09/2026 00:29
ef73aec9-07ca-41ce-84bd-aabe4541cb39,debasement.art,premium,41.3,83.3,medium,low,10,namesilo,,,17/09/2026 10:16
500e7623-aee5-4e76-981e-a0fb0b207a85,slugger.art,premium,131.2,83.3,high,low,7,namesilo,,,22/09/2026 14:18
eb8de121-626d-4f1b-b7ff-0e172e4eadbe,sheeny.art,premium,62.48,83.3,high,low,6,namesilo,,,20/08/2026 14:32
115ae6ad-5400-4dbf-8200-36d84cc7763c,devours.art,available,3.19,23.99,low,low,7,namesilo,,,21/09/2026 08:47
1da13f32-c24b-455a-8c59-340553bc896b,ultimately.art,premium,131.2,83.3,medium,low,10,namesilo,,,28/09/2026 12:39
61879bc6-8db7-4e04-b287-aa32006f02af,boehm.art,premium,291.2,83.3,high,low,5,namesilo,,,23/09/2026 03:39
f9118e9f-4ecc-42f2-a502-f8541164ab48,resurrection.art,premium,21.94,72.65,high,low,12,spaceship,,,28/09/2026 16:51
30a62cac-450d-4f36-b607-6ed08caac754,xxxiv.art,premium,62.48,83.3,medium,low,5,namesilo,,,
24aebcc2-ada6-450c-8e64-6e28ab3a84a1,reproductive.art,premium,20.65,83.3,high,low,12,namesilo,,,29/09/2026 14:35
53bb31c8-34c8-4d62-949c-da561b904be3,localised.art,premium,131.2,83.3,medium,low,9,namesilo,,,24/08/2026 08:47
20d53301-1010-482a-9448-b9d8bf219117,prologue.art,premium,354.9,91,high,low,8,namecheap,,,01/10/2026 03:22
7a316ab2-3472-4d20-baad-696c1e9adf2d,modernized.art,premium,81.9,91,high,low,10,namecheap,,,19/09/2026 17:17
8fed6d8d-831c-40c0-b98c-484154cb5955,perforate.art,premium,131.2,83.3,high,low,9,namesilo,,,08/09/2026 16:54
b33fb372-c230-4d73-8161-0fd50ae0d464,reusable.art,premium,131.2,83.3,high,low,8,namesilo,,,09/09/2026 11:33
9da03789-7aa1-41cc-b1b1-2aadcbe4bfc2,sideway.art,premium,62.48,83.3,high,medium,7,namesilo,,,10/09/2026 07:47
fbb738f3-137d-4662-97ad-760d54a15ae4,clapper.art,premium,153.75,87.5,medium,low,7,name.com,,,19/09/2026 20:51
4b4f34c9-eb26-4c22-8ea8-43eb4a0f7d73,peafowl.art,premium,81.9,91,high,low,7,namecheap,,,23/09/2026 20:05
2ea0e14e-07ba-4185-b690-35b12787519e,pioneers.art,premium,52.7,,medium,low,8,unstoppable,,,30/09/2026 07:17
8c51d4b4-f1d8-41ff-84e5-010c8c3f7877,duplicity.art,premium,131.2,83.3,medium,low,9,namesilo,,,14/08/2026 16:52
6a6cfc06-c902-4e83-885c-cae5811112eb,avocation.art,premium,54.6,91,high,low,9,namecheap,,,21/09/2026 09:37
635c9b81-2a49-4a58-9879-901e8808d01a,hedonistic.art,premium,41.3,83.3,medium,low,10,namesilo,,,21/08/2026 05:56
f171b391-19a8-4013-8663-f6c7de0e2a7c,leaky.art,premium,131.2,83.3,medium,low,5,namesilo,,,22/08/2026 22:01
ac1a7022-6eec-407e-9b56-6a0fc6d3820c,twins.art,premium,3900,91,high,medium,5,namecheap,,,25/09/2026 06:26
fd29be5c-07d8-4b30-9add-0acce46098a6,cooke.art,premium,291.2,83.3,high,low,5,namesilo,,,18/09/2026 06:21
3f2a8f3f-55d1-44d3-8207-7c0920534b47,keegan.art,premium,135.3,77,medium,low,6,dynadot,,,30/09/2026 00:49
b1259e8d-7282-4fe1-a3da-0c117119656b,slicked.art,available,3.98,32.98,medium,low,7,namecheap,,,08/09/2026 20:52
2d8f4063-dff0-4d9e-aa0a-d2186bad654b,guiltless.art,available,3.19,23.99,high,low,9,namesilo,,,12/08/2026 10:18
0d86a9c8-79d1-4751-a170-57220774fa74,madera.art,premium,282.76,72.65,medium,low,6,spaceship,,,30/09/2026 12:25
fd2b9612-2182-48e0-8d0f-66577aacd018,drums.art,premium,291.2,83.3,medium,low,5,namesilo,,,18/09/2026 11:40
25181903-85a0-4688-bf81-8bfff2484a9d,presses.art,premium,43.67,72.65,medium,low,7,spaceship,,,30/09/2026 00:10
044e04dd-709e-40af-9f0b-a7241dd51871,bathhouse.art,premium,131.2,83.3,medium,low,9,namesilo,,,22/09/2026 13:35
d97a51d8-51c2-46a2-88f5-5f694cf38043,wreckage.art,premium,282.76,72.65,medium,low,8,spaceship,,,29/09/2026 08:20
edaaad2a-0c9b-4e92-bb96-f17956938fe9,offers.art,premium,354.9,91,high,low,6,namecheap,,,27/09/2026 23:51
5f206ddf-3ab2-42fc-bfe7-20a387c50535,crossways.art,premium,291.2,83.3,medium,low,9,namesilo,,,14/09/2026 09:48
70b38049-fbc5-4280-8b04-d08e2acb6881,sighted.art,premium,62.48,83.3,high,low,7,namesilo,,,27/09/2026 21:56
fa2630eb-ae57-41c3-a44f-912f3528c8fc,drafty.art,premium,78.75,87.5,medium,low,6,name.com,,,14/08/2026 18:12
bc44f4af-745b-4bf2-84c6-45b61afca5f1,without.art,premium,291.2,83.3,high,low,7,namesilo,,,30/09/2026 23:19
5173cbf4-4108-4cda-9820-52972dd7c96a,holden.art,premium,291.2,83.3,high,low,6,namesilo,,,28/09/2026 16:09
0386ec6b-176a-4978-b9b3-a2a45fe731be,indate.art,available,3.49,20.9,medium,low,7,spaceship,,,02/10/2026 21:13
186c656c-578c-4fa7-9eaf-8484123fc9b5,falk.art,premium,282.76,72.65,high,low,4,spaceship,,,03/10/2026 03:40
d7970057-9a2f-45b9-9e9e-9869f0ecce30,charily.art,available,3.19,23.99,medium,low,7,namesilo,,,14/09/2026 06:17
19499ab7-18d4-4e86-85db-6d25ba5f26f5,oakville.art,premium,127.51,72.65,medium,low,8,spaceship,,,02/10/2026 10:19
9a132954-bbe1-429a-97a9-cd9b07e15d2f,yur.art,premium,300.3,77,high,low,3,dynadot,,,02/10/2026 04:53
289e5ec0-7de7-48ce-97ed-71d7ca67e4aa,bedsit.art,premium,62.48,83.3,medium,low,6,namesilo,,,22/09/2026 23:36
312a293e-48a5-4458-9050-3b14ccbfc24f,cassel.art,premium,282.76,72.65,high,low,6,spaceship,,,30/09/2026 13:49
392c6e42-1444-4b74-a90e-a3c3fc996612,checkbook.art,premium,78.75,87.5,high,low,9,name.com,,,24/09/2026 13:57
74bc7045-b808-4fad-a6d4-95bf87338b36,rodrigues.art,premium,291.2,83.3,medium,low,9,namesilo,,,29/09/2026 04:31
faeb902b-7c93-4c78-bd4f-6caece9632d3,bassist.art,premium,159.9,91,medium,low,7,namecheap,,,22/09/2026 12:26
b49a2c24-6fe0-46df-b8dc-2788d889ae3b,superbug.art,premium,62.48,83.3,medium,low,8,namesilo,,,23/09/2026 07:17
608a28ed-85a8-4d35-a0e3-5271ade09ea6,golgi.art,available,3.19,23.99,high,low,5,namesilo,,,30/09/2026 00:57
f1cebaca-a23e-4c81-b2a5-258306a4240c,prefixed.art,available,3.49,20.9,medium,low,8,spaceship,,,30/09/2026 23:59
8b3a2e40-f9c9-4c22-87d9-61c345477003,macdonald.art,premium,291.2,83.3,high,low,9,namesilo,,,25/09/2026 15:47
bd3bce42-1ea8-4cd1-8862-fded1a078424,harlot.art,premium,341.25,87.5,medium,low,6,name.com,,,13/08/2026 14:19
a45bd2e7-0646-453a-b42e-80918d3c60f5,solutions.art,premium,52.7,91,high,low,9,unstoppable,,,01/10/2026 03:13
76260e81-29d0-448e-9a77-e116d61ffe09,iraki.art,available,3.19,23.99,medium,low,5,namesilo,,,22/08/2026 09:37
fdf22433-25b4-40c9-88ed-7b90d4242904,damned.art,premium,291.2,83.3,medium,low,6,namesilo,,,22/09/2026 21:41
b26e6b32-1598-4291-adcd-ad6bc7913ef6,aleksei.art,premium,227.7,,high,low,7,unstoppable,,,03/10/2026 04:55
09e59523-0211-4d40-9f9c-6c715c84c724,gore.art,premium,227.7,83.3,medium,low,4,unstoppable,,,28/09/2026 19:53
4ff1a919-9c28-4234-b03d-ca3a564c751e,talladega.art,premium,127.51,72.65,medium,low,9,spaceship,,,29/09/2026 22:45
d3c43e1d-a09e-475b-81a0-d30c49b1a539,kit.art,premium,3450,83.3,high,medium,3,namesilo,,,30/09/2026 01:37
315cad65-66e3-4b36-aea4-ac902fd9709e,born.art,premium,354.9,91,high,low,4,namecheap,,,23/09/2026 00:37
e7daabf0-c60b-4eb8-b9b5-51d4574a6fd5,pcr.art,premium,282.76,72.65,high,low,3,spaceship,,,28/09/2026 03:30
0864c5dc-a65e-4550-ae3c-40924c3423f7,synovial.art,available,3.19,23.99,medium,low,8,namesilo,,,11/09/2026 06:37
570d2154-f757-4879-ac0a-19be1816d4f9,planter.art,premium,300.3,77,high,low,7,dynadot,,,30/09/2026 18:21
ea476849-f443-428e-9ff9-ec1541be3a0d,clinquant.art,available,3.19,23.99,medium,low,9,namesilo,,,12/08/2026 11:08
de3e8013-0d1b-4dbb-9d35-a26a24e2fb94,hovers.art,available,3.98,32.98,medium,low,6,namecheap,,,21/09/2026 10:26
9c8b41ce-9e01-48b3-971f-903c77e530d9,fulminant.art,available,3.98,32.98,medium,low,9,namecheap,,,18/08/2026 18:18
fb4561b5-6c8c-4e8f-8d7b-2023f9437fee,northern.art,premium,291.2,83.3,high,low,8,namesilo,,,25/09/2026 23:11
f951d2f4-975f-477a-829a-84ef70597526,unscripted.art,premium,153.75,87.5,medium,low,10,name.com,,,12/09/2026 19:05
b7477b49-c5af-4361-ba26-05762bae7fd0,spectacles.art,premium,300.3,77,high,low,10,dynadot,,,02/10/2026 04:47
81fd9704-d383-409e-b6cd-26914001439f,horrify.art,premium,131.2,83.3,medium,low,7,namesilo,,,18/09/2026 01:56
b532107e-2df3-43e9-9ee2-cafb27bbaa3c,arum.art,premium,131.2,83.3,medium,low,4,namesilo,,,06/08/2026 20:20
a00d2518-29bb-4ae8-a99d-0f909cce7aa5,plow.art,premium,127.51,72.65,high,low,4,spaceship,,,02/10/2026 04:34
4e10464c-5897-44a5-9b7d-f2aed1b898d9,sheik.art,premium,341.25,87.5,high,low,5,name.com,,,13/08/2026 17:11
bf3542ac-ebc6-4c1c-a9f6-72543c89f143,sleepy.art,premium,291.2,83.3,high,low,6,namesilo,,,10/09/2026 10:39
346bc777-a958-4177-9249-9f84262e870e,awareness.art,premium,291.2,83.3,high,low,9,namesilo,,,28/09/2026 23:41
2bc1a85e-4841-409e-a6d4-01c35c708b06,arsine.art,premium,41.3,83.3,medium,low,6,namesilo,,,20/09/2026 09:42
1178c00e-224f-48fd-97f4-62c4319ef0f2,advanced.art,premium,135.3,77,high,low,8,dynadot,,,01/10/2026 18:49
b77babd6-d971-495c-9604-be9c5517a044,midmost.art,available,3.19,23.99,medium,low,7,namesilo,,,24/08/2026 22:29
1dfcca94-3239-45ac-98ce-9afa85e1f0a4,efficiency.art,premium,282.76,72.65,high,low,10,spaceship,,,02/10/2026 19:45
3f7c6ca6-4616-4c5a-a794-b35a0b2d9a67,zanesville.art,premium,65.41,72.65,medium,low,10,spaceship,,,02/10/2026 10:06
a939c02d-d228-4a47-aff9-957da641ff1c,tso.art,premium,282.76,72.65,high,low,3,spaceship,,,02/10/2026 19:29
79adc260-c3ed-4227-80bd-fb4afa4f14f9,stephen.art,premium,291.2,83.3,high,low,7,namesilo,,,25/09/2026 10:43
dfde3a5e-fc2f-4c5f-9e07-c25187073b1b,positron.art,premium,159.9,91,medium,low,8,namecheap,,,19/09/2026 14:21
f75c93be-3533-4740-8d8d-9bec80e17d95,reminding.art,available,3.49,20.9,high,low,9,spaceship,,,29/09/2026 21:27
f3d031a5-c914-4843-ae6d-5156e3163e80,judgement.art,premium,282.76,72.65,high,low,9,spaceship,,,30/09/2026 01:01
b5a10b9a-fc1d-4e83-b527-1d72bcb5e941,flatly.art,premium,62.48,83.3,medium,low,6,namesilo,,,14/09/2026 05:29
3912263c-f02f-4d26-9011-a61271327488,completion.art,premium,354.9,91,high,low,10,namecheap,,,28/09/2026 10:41
17b51664-feca-40b8-8dce-aae51a9ca53c,horsehead.art,premium,62.48,83.3,medium,low,9,namesilo,,,20/09/2026 21:40
70149aae-a28d-4766-b3e0-4a90d73a44df,defendable.art,premium,62.48,83.3,high,low,10,namesilo,,,13/08/2026 23:09
59fe2597-ff02-448e-81e3-9c1568febe92,stockton.art,premium,291.2,83.3,high,low,8,namesilo,,,25/09/2026 06:10
4d0db3be-6cd4-48fd-9e01-4c4480617270,captious.art,available,3.98,32.98,medium,low,8,namecheap,,,11/08/2026 18:18
fb63bac8-e17d-4ba4-9f1a-bb3fda76a2b3,ethereal.art,premium,354.9,91,high,low,8,namecheap,,,21/09/2026 21:04
cb98682e-09d2-4dc9-9787-a1c44eef7a80,beefsteak.art,premium,62.48,83.3,high,low,9,namesilo,,,23/09/2026 01:15
5ce4046d-ec9f-4afc-93c4-1e18432344c5,alderson.art,premium,65.41,72.65,medium,low,8,spaceship,,,02/10/2026 02:19
aec4406e-69ff-4860-aa50-cfaeef561c56,filling.art,premium,291.2,83.3,high,low,7,namesilo,,,25/09/2026 22:48
5a5a44a3-eb19-4d9f-a9c0-1e74c5d7d9b6,hone.art,premium,291.2,83.3,high,low,4,namesilo,,,08/09/2026 16:29
0c5a9938-e1a5-4a4f-b138-5068ba15d65b,benchmark.art,premium,354.9,91,high,low,9,namecheap,,,23/09/2026 07:38
71e06494-5930-4c7a-86aa-333fc8644d12,pepys.art,premium,52.7,,medium,low,5,unstoppable,,,30/09/2026 18:18
281f26be-ad2c-4d30-aefa-eefb10dac27a,bowed.art,premium,291.2,83.3,medium,low,5,namesilo,,,06/08/2026 14:55
e2b47cec-b6dd-48a3-b80e-529c71d3ae00,taken.art,premium,3450,83.3,high,low,5,namesilo,,,25/09/2026 10:20
1f77a1f3-0c19-4e61-be9b-0eee02857425,hubbub.art,premium,62.48,83.3,medium,low,6,namesilo,,,24/09/2026 10:52
9157dd05-2448-470b-93db-c0335b5dde8b,nibbed.art,available,3.19,23.99,medium,low,6,namesilo,,,03/09/2026 16:57
7557254c-7cc3-49c5-ae2a-0bf1d2814df4,lem.art,premium,282.76,72.65,high,medium,3,spaceship,,,30/09/2026 17:54
4beb6d83-bcc8-42d6-ad30-9930ad24ca2b,virulent.art,premium,62.48,83.3,medium,low,8,namesilo,,,
30fc1502-f079-4cf7-a3b8-bd7aea244e29,unisexual.art,available,3.19,23.99,medium,low,9,namesilo,,,12/09/2026 13:54
238e49c0-2edf-47db-8d6e-2ee631c14212,terrifies.art,premium,131.2,83.3,low,low,9,namesilo,,,18/09/2026 07:37
eefbb135-181d-4f3b-bf57-4c006984e243,arioso.art,premium,131.2,83.3,high,low,6,namesilo,,,20/09/2026 05:35
8559e8bc-062c-4aa5-b31b-fd506bfe2bb2,prompter.art,premium,291.2,83.3,high,low,8,namesilo,,,21/09/2026 06:13
c20cc9e4-5f80-43f6-8390-e44730d571b3,acarus.art,premium,81.9,91,medium,low,6,namecheap,,,16/09/2026 21:38
d8587892-507b-4df6-9f1b-46fbac5db4eb,reservedly.art,available,3.19,23.99,medium,low,10,namesilo,,,15/09/2026 23:22
c81086bf-b334-4d1c-9a29-3c0d99cfda9f,sheraton.art,premium,291.2,83.3,high,high,8,namesilo,,,30/09/2026 11:06
ea8e699f-5dad-4003-a9c0-703f53c630eb,royale.art,premium,291.2,83.3,high,low,6,namesilo,,,02/10/2026 07:32
dc1be56b-6911-417d-b945-1366fe8c7c35,retract.art,premium,127.51,72.65,high,low,7,spaceship,,,01/10/2026 04:08
9b3a4a81-778a-4869-bb7f-75d8b21b950a,portland.art,premium,3105.2,72.65,high,low,8,spaceship,,,30/09/2026 07:12
33b0c70d-c21f-4a38-a9c2-921cc2bdb0be,barclay.art,premium,131.2,83.3,high,low,7,namesilo,,,27/09/2026 03:05
04fb6bdc-ae9e-4904-b4a4-e99d06b288cc,locket.art,premium,291.2,83.3,high,low,6,namesilo,,,03/10/2026 01:30
ba399fb2-a814-4637-bce1-c910de389e38,tornadoes.art,premium,291.2,83.3,medium,low,9,namesilo,,,16/09/2026 14:14
b72735e1-37e3-4bba-b56d-cb691bda6984,checked.art,premium,62.48,83.3,high,low,7,namesilo,,,12/08/2026 03:36
747e9a31-c26e-41ee-af86-03cfdd6eb74b,arising.art,premium,54.6,91,high,low,7,namecheap,,,02/10/2026 17:55
a6578083-5d12-46e6-85ec-1e59c2876a2f,infidel.art,premium,291.2,83.3,medium,low,7,namesilo,,,18/08/2026 21:58
c9e15e55-630f-4266-b7e0-3f1ba035eb76,anode.art,premium,131.2,83.3,high,low,5,namesilo,,,19/09/2026 11:14
4d9360f7-871f-4124-9f6f-12f4def00043,straining.art,premium,291.2,83.3,medium,low,9,namesilo,,,10/09/2026 21:43
e02bf81d-34f5-4ba4-9fa7-86542311e3bd,ruminant.art,premium,81.9,91,high,medium,8,namecheap,,,09/09/2026 19:22
8acebe67-f168-4483-afaa-657169683151,barleycorn.art,premium,62.48,83.3,medium,low,10,namesilo,,,22/09/2026 06:31
fcb7533e-ee62-4fa5-b1a3-b572b8925770,tical.art,premium,159.9,91,medium,low,5,namecheap,,,21/09/2026 18:48
a2fca002-e998-4815-a6d9-95d3825becf5,cascade.art,premium,291.2,83.3,high,medium,7,namesilo,,,30/09/2026 01:01
5080e08e-dd6f-4f04-a699-8a730af6f96b,tracked.art,premium,43.67,72.65,high,low,7,spaceship,,,28/09/2026 09:27
6c5a04c1-77ce-46b5-854c-20142b3dd236,acknowledge.art,premium,21.94,72.65,high,low,11,spaceship,,,01/10/2026 00:33
9b382877-f9c0-44c7-a997-7a4c8e5fd1f0,comprehensive.art,premium,20.65,83.3,medium,low,13,namesilo,,,29/09/2026 02:53
b1c6e10a-70b1-4d97-9c90-5e07dab98809,qat.art,premium,131.2,83.3,medium,low,3,namesilo,,,17/09/2026 15:24
e03c531d-982a-446c-b487-f3d2a4a2e2f4,understands.art,available,3.6,21.11,high,low,11,porkbun,,,28/09/2026 00:05
31576d3e-8c73-4d07-b6ed-614c8398b0b2,astrakhan.art,premium,291.2,83.3,medium,low,9,namesilo,,,20/09/2026 17:31
c6b094ca-4280-44b9-8840-cc5a2a447527,limited.art,premium,3900,91,high,low,7,namecheap,,,23/09/2026 14:41
1249660a-df1a-4c4c-b992-88cba16f55f8,serous.art,available,3.19,23.99,medium,low,6,namesilo,,,10/09/2026 04:43
98eecb3f-289f-42e9-bb61-37b12630f0dd,chet.art,premium,282.76,72.65,high,low,4,spaceship,,,29/09/2026 03:38
dfcc1241-e881-4220-bf7e-0c87db411d03,airstream.art,premium,131.2,83.3,high,low,9,namesilo,,,17/09/2026 23:23
9422d086-77f2-4d77-ae8d-a2e49daa347a,almoner.art,premium,41.3,83.3,medium,low,7,namesilo,,,18/09/2026 12:40
d8d69ea4-6776-461f-8c5a-723578bf3ecf,boulogne.art,premium,131.2,83.3,medium,low,8,namesilo,,,29/09/2026 09:58
4a2b0d93-c7e9-4d76-a3d4-66d24d079bd0,ovens.art,premium,131.2,83.3,medium,low,5,namesilo,,,20/09/2026 10:00
74468957-bf68-4c92-aec4-c6970b15b107,mercia.art,premium,62.48,83.3,medium,low,6,namesilo,,,02/10/2026 09:25
3f1ff399-1cf8-4da1-8336-f06f2f84c152,blasphemy.art,premium,291.2,83.3,medium,low,9,namesilo,,,24/09/2026 04:15
8290e480-b2b7-473f-8463-d0e5537350c9,unsealed.art,premium,81.9,91,medium,low,8,namecheap,,,12/09/2026 19:07
1188983c-5d48-4bbf-a7fe-74fc4bc8ddf2,complicated.art,premium,20.65,83.3,high,low,11,namesilo,,,01/10/2026 01:52
63c66bc6-8a32-4630-9090-67736c9241fe,charade.art,premium,282.76,72.65,high,low,7,spaceship,,,02/10/2026 23:56
5dcfa64b-269c-4e92-a5ef-c3098915374f,tapped.art,premium,291.2,83.3,high,low,6,namesilo,,,11/09/2026 08:19
4c6e76d5-1cae-4601-9998-e6c10ff78a4e,ballade.art,premium,354.9,91,high,low,7,namecheap,,,21/09/2026 22:41
167c423f-0a12-4438-8b62-7a967d11ea69,baroque.art,available,,,high,low,7,,,,
5adfec60-fa6e-4afc-a6e1-844509aa2fbf,tarragona.art,premium,227.7,,medium,low,9,unstoppable,,,03/10/2026 04:32
10b4e5a9-d7d7-4797-a847-440b941396b7,carniola.art,premium,53.74,76.94,medium,low,8,porkbun,,,03/10/2026 05:44
ba807d2c-4ee6-4eeb-9b3f-8bb6605bcfa2,symmetric.art,premium,131.2,83.3,high,low,9,namesilo,,,11/09/2026 06:03
731466b9-b5dc-449e-a985-fcd3eeaf2aaf,asura.art,premium,354.9,91,medium,low,5,namecheap,,,20/09/2026 18:26
4dc93bca-08d3-46a6-8a29-25963024c9e9,galileo.art,premium,300.3,77,high,low,7,dynadot,,,29/09/2026 12:27
5985f85d-cf88-458e-a1ae-48b335aee44e,unshaken.art,available,3.19,23.99,high,low,8,namesilo,,,12/09/2026 07:04
e0717fa9-debb-4434-95c8-82cfa12c9026,bentwood.art,premium,291.2,83.3,high,low,8,namesilo,,,23/09/2026 08:47
8652768c-2544-4461-98b5-7f8c8dcf2756,asteroidea.art,premium,41.3,83.3,medium,low,10,namesilo,,,20/09/2026 17:14
9e394dcf-4d2d-4397-932e-4f2f5ce6ef3c,bawling.art,available,3.19,23.99,medium,low,7,namesilo,,,13/09/2026 07:42
fdbdf1a3-5b36-4e6d-8ed1-31442cdd2343,angus.art,premium,291.2,83.3,high,low,5,namesilo,,,16/09/2026 15:11
ba6489bf-e11f-4700-b096-a79400fe200a,casualties.art,premium,282.76,72.65,medium,low,10,spaceship,,,27/09/2026 21:53
42c0b7e0-0d3e-4931-86df-0db8d0372f07,wavering.art,available,3.19,23.99,medium,low,8,namesilo,,,13/09/2026 00:41
9a72d946-b851-42f5-8e6d-34a5491c58db,suffered.art,premium,291.2,83.3,low,low,8,namesilo,,,27/09/2026 02:46
1c1420b0-49f6-4102-b754-920a9aa7c8b1,refuse.art,premium,291.2,83.3,medium,low,6,namesilo,,,27/09/2026 02:42
f2a3b87f-7674-4ad2-b44b-70a16439184e,sub.art,premium,3450,83.3,high,low,3,namesilo,,,28/09/2026 01:46
0e6f545b-6192-4de0-be83-eb67d4835c2b,bather.art,premium,131.2,83.3,medium,low,6,namesilo,,,22/09/2026 13:31
bf23cc00-6f4a-421d-a34b-597168f7618a,uuq.art,premium,62.48,83.3,medium,low,3,namesilo,,,20/09/2026 22:18
d2630bc7-4b76-4d2c-b9a4-a784b2bc8776,barebacked.art,available,3.19,23.99,medium,low,10,namesilo,,,08/08/2026 18:44
30b0f245-432b-4ff1-a6de-36e8c9062b6a,arbitral.art,premium,131.2,83.3,medium,low,8,namesilo,,,06/08/2026 12:48
f0755c64-7b01-4760-9532-d2bc7ebb9187,actual.art,premium,291.2,83.3,high,low,6,namesilo,,,21/09/2026 16:37
3ae5cb72-0857-4137-8e72-19f1473b3ad7,sandstone.art,premium,127.51,72.65,high,low,9,spaceship,,,01/10/2026 03:35
df1d70c0-a39a-4a54-a5dd-f2b525b8a310,faculty.art,premium,227.7,,high,low,7,unstoppable,,,28/09/2026 09:44
2c5a1575-d6d1-4e65-a00e-e3bc5138a642,complains.art,available,3.49,20.9,low,low,9,spaceship,,,01/10/2026 17:20
66f3b0ca-8a8a-41ea-a432-741c41ddd4cc,intriguing.art,available,3.19,23.99,high,low,10,namesilo,,,25/09/2026 10:52
b97e399f-a19b-4447-b8da-a5d18f56bcfb,fraternity.art,premium,291.2,83.3,high,low,10,namesilo,,,28/09/2026 14:13
73d0a854-ed24-4829-97b4-70c55ad831ed,quixotic.art,premium,159.9,91,high,low,8,namecheap,,,09/09/2026 09:04
e89ac54c-1fee-40fd-87c9-984b74666a4f,gyroplane.art,premium,131.2,83.3,medium,low,9,namesilo,,,21/09/2026 06:27
09df2319-cb61-47ce-9bbf-4586502d040d,gelid.art,premium,78.75,87.5,medium,low,5,name.com,,,18/08/2026 21:05
d2836588-f556-4bd4-ba3b-2fe45e98c5c9,ladylike.art,premium,131.2,83.3,high,low,8,namesilo,,,22/08/2026 18:38
2a628c3f-6688-4136-b2d7-9e80a4b809df,negroid.art,available,3.19,23.99,medium,low,7,namesilo,,,03/09/2026 15:14
4d4ce454-aa85-45b4-8394-29c14286bf27,lowered.art,premium,291.2,83.3,medium,low,7,namesilo,,,25/09/2026 15:26
f61cc54e-c401-4034-99a5-89fb5a9bb43c,umbilical.art,premium,131.2,83.3,high,low,9,namesilo,,,11/09/2026 23:00
b08ea72f-a9d1-4704-9d28-7bfbd78caa0b,transplant.art,premium,127.51,72.65,high,low,10,spaceship,,,28/09/2026 02:03
0965df89-9d6a-47dd-a62d-fb295ff48d1b,attractive.art,premium,291.2,83.3,high,low,10,namesilo,,,22/09/2026 11:44
6873dfb3-cc16-4791-aef5-4e623992b7b2,feat.art,premium,3824.21,76.94,high,low,4,porkbun,,,30/09/2026 01:35
bd4029d8-9eb2-4337-b3e1-497b18f140da,osbourne.art,premium,291.2,83.3,medium,low,8,namesilo,,,02/10/2026 09:54
8c46e2d3-94b7-4511-836f-66fe4321e6f0,guinness.art,premium,291.2,83.3,high,low,8,namesilo,,,18/09/2026 04:41
49b4b9e6-be7a-4fd7-a526-cc43b1b2eda7,paris.art,premium,34500,83.3,high,low,5,namesilo,,,24/09/2026 12:17
57138b19-d694-4468-83fb-fc6b447a34d2,chopra.art,premium,354.9,91,medium,low,6,namecheap,,,30/09/2026 16:13
8c89fce6-f7e4-4fa8-998d-eadb6f739a19,cart.art,premium,1552.7,72.65,high,low,4,spaceship,,,27/09/2026 12:16
d0b9f4ce-bdf2-4dad-b7d3-9cf874fc662c,miller.art,premium,291.2,83.3,high,low,6,namesilo,,,18/09/2026 15:01
5258dd0f-1f94-48e3-8cf3-11e566ea39e1,durer.art,premium,291.2,83.3,medium,low,5,namesilo,,,18/09/2026 03:18
3b3bfd59-5e4a-47b8-8dda-8b313a7bf32d,awhile.art,premium,102.7,83.3,medium,low,6,unstoppable,,,28/09/2026 13:12
e2747655-fab5-4025-af3a-e43ee919ae4f,unblushing.art,available,3.19,23.99,medium,low,10,namesilo,,,10/09/2026 05:55
14146e04-976e-4a71-9389-4eded54e68fd,southampton.art,premium,20.65,83.3,medium,low,11,namesilo,,,25/09/2026 14:27
1f3d38e1-4227-4735-af4e-ad0424e63f20,shaykh.art,premium,62.48,83.3,medium,low,6,namesilo,,,30/09/2026 21:57
8bc69262-5698-46ee-8313-b50184bb5d54,vestal.art,premium,131.2,83.3,medium,low,6,namesilo,,,13/09/2026 04:47
5810a0bf-7187-417c-a1b8-173994a04430,chartres.art,premium,65.41,72.65,medium,low,8,spaceship,,,29/09/2026 11:53
b5c4432a-4013-489c-a5b7-be1bc21f7c3d,exogenous.art,available,3.19,23.99,medium,low,9,namesilo,,,17/08/2026 17:33
b8d525af-1b11-4632-a56c-e5f24514c39c,coventry.art,premium,291.2,83.3,medium,low,8,namesilo,,,22/09/2026 02:09
fdb83e70-99a0-4134-aaf3-c5cac9b3ab45,digs.art,premium,282.76,72.65,high,low,4,spaceship,,,30/09/2026 16:59
0835d21e-d525-4340-bb4d-e2b064677afd,goldsboro.art,premium,65.41,72.65,medium,low,9,spaceship,,,03/10/2026 01:00
d3145e4c-4719-457c-9884-6bae6486a599,compartment.art,premium,26.96,76.94,high,low,11,porkbun,,,28/09/2026 03:28
96cb98c8-747e-4fb2-91b6-cf625bbbc4fc,professionals.art,premium,20.65,83.3,medium,low,13,namesilo,,,28/09/2026 12:40
1029265a-c4b5-45a2-93ad-9d203a0760bc,fiedler.art,premium,159.9,91,high,low,7,namecheap,,,20/09/2026 10:50
9ec26d1c-bee7-40b0-bd5a-ff0ec39e834d,boltzmann.art,available,3.19,23.99,medium,low,9,namesilo,,,30/09/2026 08:42
f52e30f8-ffd5-4075-b42f-c4d540ec8bb8,gillett.art,premium,81.9,91,medium,low,7,namecheap,,,30/09/2026 13:39
bd5d1ba8-f03a-45a5-ae00-57c961e166ef,simpler.art,premium,35.2,83.3,high,low,7,unstoppable,,,01/10/2026 21:22
a72fb3eb-8dc7-4642-9adc-2b6cf079a1ab,geneva.art,premium,1552.7,72.65,high,low,6,spaceship,,,28/09/2026 09:52
7d33cf2f-6b34-4379-9aa2-b0d51dba39e5,adjuster.art,premium,62.48,83.3,high,low,8,namesilo,,,17/09/2026 08:32
1de109cb-f97b-4c28-9b3d-931a55a008cf,stealing.art,premium,291.2,83.3,medium,low,8,namesilo,,,11/09/2026 13:24
ca46ddbd-7ce3-46e1-803c-bd9b162fe0f3,subtropical.art,premium,21.94,72.65,medium,low,11,spaceship,,,01/10/2026 16:02
408cb77b-198e-47bc-95f2-1a9944925e75,gallen.art,premium,131.2,83.3,medium,low,6,namesilo,,,01/10/2026 07:14
ffc00e84-2b5b-4809-ae4a-304380512999,equations.art,premium,291.2,83.3,medium,low,9,namesilo,,,18/09/2026 12:39
15c0d3fb-82a1-4a70-9b0c-4cad74f0e34a,bob.art,premium,1950,91,high,medium,3,namecheap,,,22/09/2026 23:31
0e4cbab0-458f-479f-91b1-2ae3e99b90de,shilling.art,premium,227.7,,medium,low,8,unstoppable,,,02/10/2026 23:37
a62ad5db-fc4d-4182-bc5d-5f52ac729f64,fabrics.art,premium,159.9,91,medium,low,7,namecheap,,,01/10/2026 18:20
e75e1491-09d8-4179-9487-b0ff15e4c837,primate.art,premium,131.2,83.3,high,low,7,namesilo,,,20/09/2026 02:39
143da342-8c72-4c86-b4b6-e7f574ac70d2,nubby.art,available,3.19,23.99,medium,low,5,namesilo,,,21/08/2026 11:15
74ec391f-07b1-4d7f-8075-82360704e925,incidentally.art,premium,21.94,72.65,medium,low,12,spaceship,,,28/09/2026 21:17
7838a7cc-6d17-4a65-925d-3de5079b7bcc,gland.art,premium,282.76,72.65,medium,low,5,spaceship,,,29/09/2026 07:05
a6b1acb6-2767-4acf-ab4a-f729cf4f72a5,clathrate.art,available,3.19,23.99,medium,low,9,namesilo,,,11/08/2026 16:23
85d278f0-e5d2-4762-a96e-338b97d738ce,contained.art,premium,41.3,83.3,high,low,9,namesilo,,,23/09/2026 21:42
69cfc3b1-7b33-45b1-a721-dfea27ae4675,fibre.art,premium,156.98,76.94,high,low,5,porkbun,,,29/09/2026 19:17
27f0081d-e713-49a5-9746-bc485ff6507d,fingered.art,available,3.19,23.99,medium,low,8,namesilo,,,18/08/2026 04:53
5d535dd1-8701-4863-801a-8ec265a9217d,wards.art,premium,131.2,83.3,medium,low,5,namesilo,,,30/09/2026 06:54
2a6f2878-7e6b-41c5-9f23-c4f6e432abfd,glut.art,premium,159.9,91,medium,low,4,namecheap,,,23/09/2026 17:21
67104fb9-dc3e-4384-ba2e-2b8d955ece4d,potential.art,premium,354.9,91,high,low,9,namecheap,,,27/09/2026 04:46
056429df-69c1-46b6-b8bf-b9f777e76895,cocker.art,premium,291.2,83.3,medium,low,6,namesilo,,,21/09/2026 13:01
e1291c63-35a8-48f0-9d5e-1c9ab9e75da4,navigational.art,premium,21.94,72.65,medium,low,12,spaceship,,,01/10/2026 06:02
0de098c8-4938-47fa-850c-9215ce79acc1,frye.art,premium,282.76,72.65,medium,low,4,spaceship,,,28/09/2026 19:16
5ca9d32e-86df-430e-883d-937907e2b015,querulous.art,available,3.19,23.99,medium,low,9,namesilo,,,09/09/2026 08:33
41f87aaa-d671-49da-a646-be93f977c2fa,indoors.art,premium,131.2,83.3,high,low,7,namesilo,,,22/08/2026 07:03
ceb04650-3bee-4af7-915e-3a1a44c4c992,momently.art,premium,41.3,83.3,medium,low,8,namesilo,,,15/09/2026 15:21
b3749b94-1326-4fd9-a007-95a406f888b0,interrupt.art,premium,341.25,87.5,high,low,9,name.com,,,13/08/2026 12:38
8c51729a-95cd-48ea-a615-21a8d0096d61,shrewd.art,premium,131.2,83.3,high,low,6,namesilo,,,22/09/2026 10:37
f8648930-76ec-46e3-a09a-1280d2b26e96,grievances.art,premium,62.48,83.3,low,low,10,namesilo,,,02/10/2026 01:58
2094322c-227c-4ed5-9b94-1a2b06d9677d,classrooms.art,premium,291.2,83.3,high,low,10,namesilo,,,01/10/2026 18:38
f22e4271-14ff-43d5-b763-34c7541ff0bc,nugget.art,premium,282.76,72.65,high,low,6,spaceship,,,02/10/2026 16:13
c810ebd5-82d9-4653-8942-08c01c5bd334,dst.art,premium,282.76,72.65,high,low,3,spaceship,,,02/10/2026 19:02
4ea3d5e2-856f-41eb-8a15-624d23ce4825,charmingly.art,available,3.19,23.99,medium,low,10,namesilo,,,14/09/2026 06:21
6c54ed23-f5a0-4c44-adb8-b631c5495d9b,nanus.art,premium,131.2,83.3,medium,low,5,namesilo,,,24/08/2026 22:32
3b599261-87da-4299-9a43-1e80e52c04d7,carelessly.art,premium,62.48,83.3,medium,low,10,namesilo,,,14/09/2026 05:19
b672caa1-2138-4b82-a6a0-de3d052928e2,recital.art,premium,131.2,83.3,high,low,7,namesilo,,,29/09/2026 02:00
4375b49e-bd43-4727-a4b3-d26583cb2388,athene.art,premium,354.9,91,high,low,6,namecheap,,,20/09/2026 20:37
e7b82ad9-fe9f-4e31-b170-87aec9697a27,salinger.art,premium,127.51,72.65,medium,low,8,spaceship,,,03/10/2026 01:20
9c951e9a-250b-437f-a1fc-2a518195710c,potpourri.art,premium,131.2,83.3,high,low,9,namesilo,,,25/08/2026 08:24
e1b139bc-3c94-4d5f-9ce0-dd828c1944da,soigne.art,premium,41.3,83.3,medium,low,6,namesilo,,,10/09/2026 13:28
983d0eb1-a7bf-42d3-8733-63c424f81e93,harmonize.art,premium,131.2,83.3,high,low,9,namesilo,,,16/09/2026 22:54
639070a3-7c9f-4911-b3c4-50fcc13085fb,brings.art,premium,62.48,83.3,medium,low,6,namesilo,,,18/09/2026 15:15
8bef6e2a-815d-465d-8162-1d928f38d8ba,mirthful.art,available,3.98,32.98,high,low,8,namecheap,,,12/08/2026 19:00
2bcefeee-cf96-4822-b0bf-fd6c76cdaa67,firstborn.art,premium,291.2,83.3,high,low,9,namesilo,,,16/08/2026 02:17
38ac4446-30a9-4fb0-96c5-0fbe1431c906,trey.art,premium,291.2,83.3,high,low,4,namesilo,,,
a4e55978-6bd4-45c6-b664-35e4247a48ee,nab.art,premium,354.9,91,high,medium,3,namecheap,,,20/09/2026 09:04
78ef47d2-b937-47ab-b5dd-c0d325d78661,preserves.art,premium,65.41,72.65,high,low,9,spaceship,,,30/09/2026 16:46
b83d0b76-9811-48c7-b5ad-918ac8f75031,traceable.art,premium,62.48,83.3,high,low,9,namesilo,,,11/09/2026 18:33
264759bb-c650-4783-8094-c4b1af826dc6,mil.art,premium,3450,83.3,high,low,3,namesilo,,,11/08/2026 22:57
5b71f985-37f7-486c-b842-fd0d5bdc8cde,rocker.art,premium,354.9,91,high,low,6,namecheap,,,30/09/2026 10:59
25b90965-9d1d-4c37-a362-683f7d5a1381,suburbs.art,premium,354.9,91,low,low,7,namecheap,,,29/09/2026 05:04
7eee2dc8-7ca7-487d-8848-039fbc0f7c31,slammer.art,premium,131.2,83.3,medium,low,7,namesilo,,,08/09/2026 22:49
ee4f8578-3d5a-4717-8932-8ad0dff0a678,routledge.art,premium,131.2,83.3,medium,low,9,namesilo,,,28/09/2026 16:54
1b992781-43cb-4176-8ede-c4e11cc00206,yiddish.art,premium,131.2,83.3,medium,low,7,namesilo,,,01/10/2026 22:05
584ea355-0913-4b38-bf8b-854a6f3aff42,yucatan.art,premium,227.7,,medium,low,7,unstoppable,,,30/09/2026 03:11
a2d63dd4-03e1-4cff-8f35-8078fbc69f7f,theban.art,premium,41.3,83.3,medium,low,6,namesilo,,,11/09/2026 12:35
b9e0ac12-25ad-463b-a290-91a9416b03c0,sternal.art,premium,81.9,91,medium,low,7,namecheap,,,10/09/2026 20:18
c9c251f4-231c-4b6f-9275-eedd3da19f1d,industrialist.art,premium,21.94,72.65,medium,low,13,spaceship,,,02/10/2026 07:31
9610df21-d51d-4cf1-8f48-9d212bea15d5,anoxia.art,premium,54.6,91,medium,low,6,namecheap,,,19/09/2026 11:58
c39fff0a-f9e2-4aa4-9fd4-54fb69e2b704,reliable.art,premium,282.76,72.65,high,low,8,spaceship,,,02/10/2026 11:48
f6ebbe7b-df9f-4f32-8050-dca29730ebcd,wicker.art,premium,282.76,72.65,high,low,6,spaceship,,,02/10/2026 14:32
212d7c44-568f-4c5c-ad54-9df3b05bee29,atrocious.art,premium,131.2,83.3,medium,low,9,namesilo,,,22/09/2026 11:11
5aeba244-1ef5-4656-a12a-bacb2b7871a5,guts.art,premium,127.51,72.65,high,low,4,spaceship,,,29/09/2026 21:51
76e266a4-3d26-4b06-afcc-57680f2cda16,amor.art,premium,291.2,83.3,high,low,4,namesilo,,,18/09/2026 22:37
9525067c-3324-46f0-9c45-dff4e31449e5,coowner.art,available,3.49,20.9,medium,low,8,spaceship,,,01/10/2026 15:31
31a8f51a-5ad5-4699-bd91-1b156c600ee8,ivor.art,premium,131.2,83.3,medium,low,4,namesilo,,,29/09/2026 22:08
25473dd3-ef89-4d73-b988-89f0418d0ff2,spraying.art,premium,43.67,72.65,high,low,8,spaceship,,,01/10/2026 19:08
9e666604-ecef-46c0-a73c-983b2130934b,segmented.art,available,3.19,23.99,medium,low,9,namesilo,,,24/08/2026 21:43
42be0d14-0dd1-4a47-a160-887975871aee,depending.art,available,3.19,23.99,medium,low,9,namesilo,,,27/09/2026 22:26
3b2d56a4-8d86-4843-b9a0-5aeb2bd806c1,stagey.art,available,3.98,32.98,medium,low,6,namecheap,,,10/09/2026 18:06
1736295b-518e-4b60-b349-c640aa93b6cd,carrick.art,premium,159.9,91,medium,low,7,namecheap,,,30/09/2026 20:19
769b8cbc-584c-4c64-baac-541f8b522b12,eagle.art,resell,,,high,low,5,Instra Corporation Pty Ltd.,20/04/2017 00:00,20/04/2027 23:59,26/09/2026 05:44
8d3cbe9f-84ba-4085-8eda-ef6115c9cf31,pigment.art,premium,291.2,83.3,high,low,7,namesilo,,,01/10/2026 21:10
a8ecf87e-8c9d-4718-828c-0eea71aeaf99,helped.art,premium,54.6,91,medium,low,6,namecheap,,,25/09/2026 18:33
7eaf95ae-3c0c-4ed6-8f00-f143cc83d58c,opposed.art,available,3.19,23.99,high,low,7,namesilo,,,04/09/2026 16:45
ec2b67f1-4022-4509-8d28-c13947fc4f79,barycenter.art,available,3.19,23.99,medium,low,10,namesilo,,,22/09/2026 09:39
9888d0ae-fdf1-4af2-b053-2c84baa7e29b,company.art,premium,291.2,83.3,high,low,7,namesilo,,,01/10/2026 22:50
f5b8fab2-9e6e-44de-aba5-4c78e4b02f1b,academism.art,available,3.98,32.98,medium,low,9,namecheap,,,16/09/2026 20:23
29306b17-bba2-45bf-a988-ea19bd0940de,moroccan.art,premium,291.2,83.3,high,low,8,namesilo,,,24/08/2026 16:17
a9c5f14d-2259-40b3-83ad-ee2975fc3b83,calgary.art,premium,291.2,83.3,high,low,7,namesilo,,,24/09/2026 11:43
554c6fc1-4413-4e13-b572-698c47ce15a5,balagan.art,premium,131.2,83.3,medium,low,7,namesilo,,,21/09/2026 20:48
1079e1ac-1795-4735-8fe5-35b98d4e9195,corrode.art,available,3.98,32.98,medium,low,7,namecheap,,,09/09/2026 20:10
74a19608-cfa1-4f9a-8690-735ed99ff4ca,horsefish.art,available,3.98,32.98,medium,low,9,namecheap,,,20/09/2026 21:39
8d203eb4-36c5-4721-b084-a2917a75f1ba,cesium.art,premium,291.2,83.3,medium,low,6,namesilo,,,20/09/2026 23:15
db0df286-d17c-4b4d-931e-b3a16ac87784,unlovely.art,available,3.19,23.99,medium,low,8,namesilo,,,12/09/2026 15:12
f70a373c-1b33-4c11-8307-20c3935f223c,liquor.art,premium,348.17,76.94,high,low,6,porkbun,,,29/09/2026 03:40
caebd14d-43e2-48d8-b24d-632f46cb1707,questionnaire.art,premium,21.94,72.65,high,low,13,spaceship,,,01/10/2026 04:57
d127f1e4-858b-4e4b-bd02-24f901205ec1,dum.art,premium,227.7,,high,low,3,unstoppable,,,01/10/2026 04:59
e7871926-688a-4fb1-a13a-2b69789e5845,lithuanian.art,premium,131.2,83.3,high,low,10,namesilo,,,24/08/2026 07:30
5a181a86-0857-4070-9b4d-1844a3a3e0d5,narrates.art,available,3.49,20.9,medium,low,8,spaceship,,,29/09/2026 17:58
c4b91f73-611e-43f1-9c87-c610368fe11a,achromatic.art,premium,62.48,83.3,medium,low,10,namesilo,,,
7d538e82-0ac6-4017-950f-5e1230f843cd,mcnamara.art,premium,131.2,83.3,medium,low,8,namesilo,,,27/09/2026 08:09